This is LuaHBTeX, Version 1.21.0 (TeX Live 2025/nixos.org)  (format=lualatex 1980.1.1)  5 MAR 2026 19:47
 restricted system commands enabled.
**theoretical.tex
(./theoretical.tex
LaTeX2e <2025-06-01> patch level 1
L3 programming layer <2025-06-09>
Lua module: luaotfload 2024-12-03 v3.29 Lua based OpenType font support
Lua module: lualibs 2023-07-13 v2.76 ConTeXt Lua standard libraries.
Lua module: lualibs-extended 2023-07-13 v2.76 ConTeXt Lua libraries -- extended 
collection.
luaotfload | conf : Root cache directory is "/Users/iago.rocha/.texlive2025/texm
f-var/luatex-cache/generic/names".
luaotfload | init : Loading fontloader "fontloader-2023-12-28.lua" from kpse-res
olved path "/nix/store/m3zs1bwx6sl8wsfx2hpy03mwr7vznxqm-texlive-2025-env-texmfdi
st/tex/luatex/luaotfload/fontloader-2023-12-28.lua".
Lua-only attribute luaotfload@noligature = 1
luaotfload | init : Context OpenType loader version 3.134
Inserting `luaotfload.node_processor' in `pre_linebreak_filter'.
Inserting `luaotfload.node_processor' in `hpack_filter'.
Inserting `luaotfload.glyph_stream' in `glyph_stream_provider'.
Inserting `luaotfload.define_font' in `define_font'.
Lua-only attribute luaotfload_color_attribute = 2
luaotfload | conf : Root cache directory is "/Users/iago.rocha/.texlive2025/texm
f-var/luatex-cache/generic/names".
Inserting `luaotfload.harf.strip_prefix' in `find_opentype_file'.
Inserting `luaotfload.harf.strip_prefix' in `find_truetype_file'.
Removing  `luaotfload.glyph_stream' from `glyph_stream_provider'.
Inserting `luaotfload.harf.glyphstream' in `glyph_stream_provider'.
Inserting `luaotfload.harf.finalize_vlist' in `post_linebreak_filter'.
Inserting `luaotfload.harf.finalize_hlist' in `hpack_filter'.
Inserting `luaotfload.cleanup_files' in `wrapup_run'.
Inserting `luaotfload.harf.finalize_unicode' in `finish_pdffile'.
Inserting `luaotfload.glyphinfo' in `glyph_info'.
Lua-only attribute luaotfload.letterspace_done = 3
Inserting `luaotfload.aux.set_sscale_dimens' in `luaotfload.patch_font'.
Inserting `luaotfload.aux.set_font_index' in `luaotfload.patch_font'.
Inserting `luaotfload.aux.patch_cambria_domh' in `luaotfload.patch_font'.
Inserting `luaotfload.aux.fixup_fontdata' in `luaotfload.patch_font_unsafe'.
Inserting `luaotfload.aux.set_capheight' in `luaotfload.patch_font'.
Inserting `luaotfload.aux.set_xheight' in `luaotfload.patch_font'.
Inserting `luaotfload.rewrite_fontname' in `luaotfload.patch_font'.
Inserting `tracingstacklevels' in `input_level_string'. (./config.tex
(/nix/store/m3zs1bwx6sl8wsfx2hpy03mwr7vznxqm-texlive-2025-env-texmfdist/tex/lat
ex/base/article.cls
Document Class: article 2025/01/22 v1.4n Standard LaTeX document class

(/nix/store/m3zs1bwx6sl8wsfx2hpy03mwr7vznxqm-texlive-2025-env-texmfdist/tex/lat
ex/base/size10.clo
File: size10.clo 2025/01/22 v1.4n Standard LaTeX file (size option)
luaotfload | db : Font names database loaded from /Users/iago.rocha/.texlive2025
/texmf-var/luatex-cache/generic/names/luaotfload-names.luc.gz)
\c@part=\count273
\c@section=\count274
\c@subsection=\count275
\c@subsubsection=\count276
\c@paragraph=\count277
\c@subparagraph=\count278
\c@figure=\count279
\c@table=\count280
\abovecaptionskip=\skip49
\belowcaptionskip=\skip50
\bibindent=\dimen147
)
(/nix/store/m3zs1bwx6sl8wsfx2hpy03mwr7vznxqm-texlive-2025-env-texmfdist/tex/lat
ex/base/inputenc.sty
Package: inputenc 2024/02/08 v1.3d Input encoding file
\inpenc@prehook=\toks17
\inpenc@posthook=\toks18


Package inputenc Warning: inputenc package ignored with utf8 based engines.

)
(/nix/store/m3zs1bwx6sl8wsfx2hpy03mwr7vznxqm-texlive-2025-env-texmfdist/tex/gen
eric/babel/babel.sty
Package: babel 2025/06/10 v25.10 The multilingual framework for pdfLaTeX, LuaLa
TeX and XeLaTeX

(/nix/store/m3zs1bwx6sl8wsfx2hpy03mwr7vznxqm-texlive-2025-env-texmfdist/tex/gen
eric/babel/luababel.def
\bbl@readstream=\read2
\l@dumylang=\language2
Package babel Info: Non-standard hyphenation setup on input line 118.
\l@nohyphenation=\language3
\l@german-x-2024-02-28=\language4
\l@ngerman-x-2024-02-28=\language5
\l@afrikaans=\language6
\l@albanian=\language7
\l@ancientgreek=\language8
\l@ibycus=\language9
\l@arabic=\language10
\l@armenian=\language11
\l@basque=\language12
\l@belarusian=\language13
\l@bulgarian=\language14
\l@catalan=\language15
\l@pinyin=\language16
\l@churchslavonic=\language17
\l@coptic=\language18
\l@croatian=\language19
\l@czech=\language20
\l@danish=\language21
\l@dutch=\language22
\l@ukenglish=\language23
\l@usenglishmax=\language24
\l@esperanto=\language25
\l@estonian=\language26
\l@ethiopic=\language27
\l@farsi=\language28
\l@finnish=\language29
\l@schoolfinnish=\language30
\l@french=\language31
\l@friulan=\language32
\l@galician=\language33
\l@georgian=\language34
\l@german=\language35
\l@ngerman=\language36
\l@swissgerman=\language37
\l@greek=\language38
\l@monogreek=\language39
\l@hebrew=\language40
\l@hungarian=\language41
\l@icelandic=\language42
\l@assamese=\language43
\l@bengali=\language44
\l@gujarati=\language45
\l@hindi=\language46
\l@kannada=\language47
\l@malayalam=\language48
\l@marathi=\language49
\l@oriya=\language50
\l@pali=\language51
\l@panjabi=\language52
\l@tamil=\language53
\l@telugu=\language54
\l@indonesian=\language55
\l@interlingua=\language56
\l@irish=\language57
\l@italian=\language58
\l@kurmanji=\language59
\l@classiclatin=\language60
\l@latin=\language61
\l@liturgicallatin=\language62
\l@latvian=\language63
\l@lithuanian=\language64
\l@macedonian=\language65
\l@mongolian=\language66
\l@mongolianlmc=\language67
\l@bokmal=\language68
\l@nynorsk=\language69
\l@occitan=\language70
\l@piedmontese=\language71
\l@polish=\language72
\l@portuguese=\language73
\l@romanian=\language74
\l@romansh=\language75
\l@russian=\language76
\l@sanskrit=\language77
\l@serbian=\language78
\l@serbianc=\language79
\l@slovak=\language80
\l@slovenian=\language81
\l@spanish=\language82
\l@swedish=\language83
\l@thai=\language84
\l@turkish=\language85
\l@turkmen=\language86
\l@ukrainian=\language87
\l@uppersorbian=\language88
\l@vietnamese=\language89
\l@welsh=\language90
\babelcatcodetablenum=\catcodetable14
\bbl@pattcodes=\catcodetable15
)
\babel@savecnt=\count281
LaTeX Encoding Info:    Redeclaring text command \ij (encoding OT1) on input li
ne 2043.
LaTeX Encoding Info:    Redeclaring text command \IJ (encoding OT1) on input li
ne 2045.
LaTeX Encoding Info:    Redeclaring text command \ij (encoding T1) on input lin
e 2047.
LaTeX Encoding Info:    Redeclaring text command \IJ (encoding T1) on input lin
e 2048.
LaTeX Encoding Info:    Ignoring declaration for text command \ij (encoding ?) 
on input line 2049.
LaTeX Encoding Info:    Ignoring declaration for text command \IJ (encoding ?) 
on input line 2051.
LaTeX Encoding Info:    Ignoring declaration for text command \SS (encoding ?) 
on input line 2076.
\U@D=\dimen148
\l@unhyphenated=\language91

(/nix/store/m3zs1bwx6sl8wsfx2hpy03mwr7vznxqm-texlive-2025-env-texmfdist/tex/gen
eric/babel/luababel.def
\bbl@attr@locale=\attribute4
)
(/nix/store/m3zs1bwx6sl8wsfx2hpy03mwr7vznxqm-texlive-2025-env-texmfdist/tex/gen
eric/babel-english/english.ldf
Language: english 2017/06/06 v3.3r English support from the babel system

(/nix/store/m3zs1bwx6sl8wsfx2hpy03mwr7vznxqm-texlive-2025-env-texmfdist/tex/gen
eric/babel/locale/en/babel-english.tex
Package babel Info: Importing font and identification data for english
(babel)             from babel-en.ini. Reported on input line 11.
)
Package babel Info: Hyphen rules for 'canadian' set to \l@english
(babel)             (\language0). Reported on input line 102.
Package babel Info: Hyphen rules for 'australian' set to \l@ukenglish
(babel)             (\language23). Reported on input line 105.
Package babel Info: Hyphen rules for 'newzealand' set to \l@ukenglish
(babel)             (\language23). Reported on input line 108.
))
(/nix/store/m3zs1bwx6sl8wsfx2hpy03mwr7vznxqm-texlive-2025-env-texmfdist/tex/lat
ex/graphics/lscape.sty
Package: lscape 2020/05/28 v3.02 Landscape Pages (DPC)

(/nix/store/m3zs1bwx6sl8wsfx2hpy03mwr7vznxqm-texlive-2025-env-texmfdist/tex/lat
ex/graphics/graphics.sty
Package: graphics 2024/08/06 v1.4g Standard LaTeX Graphics (DPC,SPQR)

(/nix/store/m3zs1bwx6sl8wsfx2hpy03mwr7vznxqm-texlive-2025-env-texmfdist/tex/lat
ex/graphics/trig.sty
Package: trig 2023/12/02 v1.11 sin cos tan (DPC)
)
(/nix/store/m3zs1bwx6sl8wsfx2hpy03mwr7vznxqm-texlive-2025-env-texmfdist/tex/lat
ex/graphics-cfg/graphics.cfg
File: graphics.cfg 2016/06/04 v1.11 sample graphics configuration
)
Package graphics Info: Driver file: luatex.def on input line 106.

(/nix/store/m3zs1bwx6sl8wsfx2hpy03mwr7vznxqm-texlive-2025-env-texmfdist/tex/lat
ex/graphics-def/luatex.def
File: luatex.def 2024/04/13 v1.2e Graphics/color driver for luatex
)))
(/nix/store/m3zs1bwx6sl8wsfx2hpy03mwr7vznxqm-texlive-2025-env-texmfdist/tex/lat
ex/tkz-euclide/tkz-euclide.sty
2024/04/19 5.10c tkz-euclide.sty
Package: tkz-euclide  2024/04/19 5.10c for pure Euclidean Geometry 

(/nix/store/m3zs1bwx6sl8wsfx2hpy03mwr7vznxqm-texlive-2025-env-texmfdist/tex/lat
ex/pgf/frontendlayer/tikz.sty
(/nix/store/m3zs1bwx6sl8wsfx2hpy03mwr7vznxqm-texlive-2025-env-texmfdist/tex/lat
ex/pgf/basiclayer/pgf.sty
(/nix/store/m3zs1bwx6sl8wsfx2hpy03mwr7vznxqm-texlive-2025-env-texmfdist/tex/lat
ex/pgf/utilities/pgfrcs.sty
(/nix/store/m3zs1bwx6sl8wsfx2hpy03mwr7vznxqm-texlive-2025-env-texmfdist/tex/gen
eric/pgf/utilities/pgfutil-common.tex
\pgfutil@everybye=\toks19
\pgfutil@tempdima=\dimen149
\pgfutil@tempdimb=\dimen150
)
(/nix/store/m3zs1bwx6sl8wsfx2hpy03mwr7vznxqm-texlive-2025-env-texmfdist/tex/gen
eric/pgf/utilities/pgfutil-latex.def
\pgfutil@abb=\box53
)
(/nix/store/m3zs1bwx6sl8wsfx2hpy03mwr7vznxqm-texlive-2025-env-texmfdist/tex/gen
eric/pgf/utilities/pgfrcs.code.tex
(/nix/store/m3zs1bwx6sl8wsfx2hpy03mwr7vznxqm-texlive-2025-env-texmfdist/tex/gen
eric/pgf/pgf.revision.tex)
Package: pgfrcs 2023-01-15 v3.1.10 (3.1.10)
))
Package: pgf 2023-01-15 v3.1.10 (3.1.10)

(/nix/store/m3zs1bwx6sl8wsfx2hpy03mwr7vznxqm-texlive-2025-env-texmfdist/tex/lat
ex/pgf/basiclayer/pgfcore.sty
(/nix/store/m3zs1bwx6sl8wsfx2hpy03mwr7vznxqm-texlive-2025-env-texmfdist/tex/lat
ex/graphics/graphicx.sty
Package: graphicx 2024/12/31 v1.2e Enhanced LaTeX Graphics (DPC,SPQR)

(/nix/store/m3zs1bwx6sl8wsfx2hpy03mwr7vznxqm-texlive-2025-env-texmfdist/tex/lat
ex/graphics/keyval.sty
Package: keyval 2022/05/29 v1.15 key=value parser (DPC)
\KV@toks@=\toks20
)
\Gin@req@height=\dimen151
\Gin@req@width=\dimen152
)
(/nix/store/m3zs1bwx6sl8wsfx2hpy03mwr7vznxqm-texlive-2025-env-texmfdist/tex/lat
ex/pgf/systemlayer/pgfsys.sty
(/nix/store/m3zs1bwx6sl8wsfx2hpy03mwr7vznxqm-texlive-2025-env-texmfdist/tex/gen
eric/pgf/systemlayer/pgfsys.code.tex
Package: pgfsys 2023-01-15 v3.1.10 (3.1.10)

(/nix/store/m3zs1bwx6sl8wsfx2hpy03mwr7vznxqm-texlive-2025-env-texmfdist/tex/gen
eric/pgf/utilities/pgfkeys.code.tex
\pgfkeys@pathtoks=\toks21
\pgfkeys@temptoks=\toks22

(/nix/store/m3zs1bwx6sl8wsfx2hpy03mwr7vznxqm-texlive-2025-env-texmfdist/tex/gen
eric/pgf/utilities/pgfkeyslibraryfiltered.code.tex
\pgfkeys@tmptoks=\toks23
))
\pgf@x=\dimen153
\pgf@y=\dimen154
\pgf@xa=\dimen155
\pgf@ya=\dimen156
\pgf@xb=\dimen157
\pgf@yb=\dimen158
\pgf@xc=\dimen159
\pgf@yc=\dimen160
\pgf@xd=\dimen161
\pgf@yd=\dimen162
\w@pgf@writea=\write3
\r@pgf@reada=\read3
\c@pgf@counta=\count282
\c@pgf@countb=\count283
\c@pgf@countc=\count284
\c@pgf@countd=\count285
\t@pgf@toka=\toks24
\t@pgf@tokb=\toks25
\t@pgf@tokc=\toks26
\pgf@sys@id@count=\count286

(/nix/store/m3zs1bwx6sl8wsfx2hpy03mwr7vznxqm-texlive-2025-env-texmfdist/tex/gen
eric/pgf/systemlayer/pgf.cfg
File: pgf.cfg 2023-01-15 v3.1.10 (3.1.10)
)
Driver file for pgf: pgfsys-luatex.def

(/nix/store/m3zs1bwx6sl8wsfx2hpy03mwr7vznxqm-texlive-2025-env-texmfdist/tex/gen
eric/pgf/systemlayer/pgfsys-luatex.def
File: pgfsys-luatex.def 2023-01-15 v3.1.10 (3.1.10)

(/nix/store/m3zs1bwx6sl8wsfx2hpy03mwr7vznxqm-texlive-2025-env-texmfdist/tex/gen
eric/pgf/systemlayer/pgfsys-common-pdf.def
File: pgfsys-common-pdf.def 2023-01-15 v3.1.10 (3.1.10)
)))
(/nix/store/m3zs1bwx6sl8wsfx2hpy03mwr7vznxqm-texlive-2025-env-texmfdist/tex/gen
eric/pgf/systemlayer/pgfsyssoftpath.code.tex
File: pgfsyssoftpath.code.tex 2023-01-15 v3.1.10 (3.1.10)
\pgfsyssoftpath@smallbuffer@items=\count287
\pgfsyssoftpath@bigbuffer@items=\count288
)
(/nix/store/m3zs1bwx6sl8wsfx2hpy03mwr7vznxqm-texlive-2025-env-texmfdist/tex/gen
eric/pgf/systemlayer/pgfsysprotocol.code.tex
File: pgfsysprotocol.code.tex 2023-01-15 v3.1.10 (3.1.10)
))
(/nix/store/m3zs1bwx6sl8wsfx2hpy03mwr7vznxqm-texlive-2025-env-texmfdist/tex/lat
ex/xcolor/xcolor.sty
Package: xcolor 2024/09/29 v3.02 LaTeX color extensions (UK)

(/nix/store/m3zs1bwx6sl8wsfx2hpy03mwr7vznxqm-texlive-2025-env-texmfdist/tex/lat
ex/graphics-cfg/color.cfg
File: color.cfg 2016/01/02 v1.6 sample color configuration
)
Package xcolor Info: Driver file: luatex.def on input line 274.

(/nix/store/m3zs1bwx6sl8wsfx2hpy03mwr7vznxqm-texlive-2025-env-texmfdist/tex/lat
ex/graphics/mathcolor.ltx)
Package xcolor Info: Model `cmy' substituted by `cmy0' on input line 1349.
Package xcolor Info: Model `hsb' substituted by `rgb' on input line 1353.
Package xcolor Info: Model `RGB' extended on input line 1365.
Package xcolor Info: Model `HTML' substituted by `rgb' on input line 1367.
Package xcolor Info: Model `Hsb' substituted by `hsb' on input line 1368.
Package xcolor Info: Model `tHsb' substituted by `hsb' on input line 1369.
Package xcolor Info: Model `HSB' substituted by `hsb' on input line 1370.
Package xcolor Info: Model `Gray' substituted by `gray' on input line 1371.
Package xcolor Info: Model `wave' substituted by `hsb' on input line 1372.
)
(/nix/store/m3zs1bwx6sl8wsfx2hpy03mwr7vznxqm-texlive-2025-env-texmfdist/tex/gen
eric/pgf/basiclayer/pgfcore.code.tex
Package: pgfcore 2023-01-15 v3.1.10 (3.1.10)

(/nix/store/m3zs1bwx6sl8wsfx2hpy03mwr7vznxqm-texlive-2025-env-texmfdist/tex/gen
eric/pgf/math/pgfmath.code.tex
(/nix/store/m3zs1bwx6sl8wsfx2hpy03mwr7vznxqm-texlive-2025-env-texmfdist/tex/gen
eric/pgf/math/pgfmathutil.code.tex)
(/nix/store/m3zs1bwx6sl8wsfx2hpy03mwr7vznxqm-texlive-2025-env-texmfdist/tex/gen
eric/pgf/math/pgfmathparser.code.tex
\pgfmath@dimen=\dimen163
\pgfmath@count=\count289
\pgfmath@box=\box54
\pgfmath@toks=\toks27
\pgfmath@stack@operand=\toks28
\pgfmath@stack@operation=\toks29
)
(/nix/store/m3zs1bwx6sl8wsfx2hpy03mwr7vznxqm-texlive-2025-env-texmfdist/tex/gen
eric/pgf/math/pgfmathfunctions.code.tex)
(/nix/store/m3zs1bwx6sl8wsfx2hpy03mwr7vznxqm-texlive-2025-env-texmfdist/tex/gen
eric/pgf/math/pgfmathfunctions.basic.code.tex)
(/nix/store/m3zs1bwx6sl8wsfx2hpy03mwr7vznxqm-texlive-2025-env-texmfdist/tex/gen
eric/pgf/math/pgfmathfunctions.trigonometric.code.tex)
(/nix/store/m3zs1bwx6sl8wsfx2hpy03mwr7vznxqm-texlive-2025-env-texmfdist/tex/gen
eric/pgf/math/pgfmathfunctions.random.code.tex)
(/nix/store/m3zs1bwx6sl8wsfx2hpy03mwr7vznxqm-texlive-2025-env-texmfdist/tex/gen
eric/pgf/math/pgfmathfunctions.comparison.code.tex)
(/nix/store/m3zs1bwx6sl8wsfx2hpy03mwr7vznxqm-texlive-2025-env-texmfdist/tex/gen
eric/pgf/math/pgfmathfunctions.base.code.tex)
(/nix/store/m3zs1bwx6sl8wsfx2hpy03mwr7vznxqm-texlive-2025-env-texmfdist/tex/gen
eric/pgf/math/pgfmathfunctions.round.code.tex)
(/nix/store/m3zs1bwx6sl8wsfx2hpy03mwr7vznxqm-texlive-2025-env-texmfdist/tex/gen
eric/pgf/math/pgfmathfunctions.misc.code.tex)
(/nix/store/m3zs1bwx6sl8wsfx2hpy03mwr7vznxqm-texlive-2025-env-texmfdist/tex/gen
eric/pgf/math/pgfmathfunctions.integerarithmetics.code.tex)
(/nix/store/m3zs1bwx6sl8wsfx2hpy03mwr7vznxqm-texlive-2025-env-texmfdist/tex/gen
eric/pgf/math/pgfmathcalc.code.tex)
(/nix/store/m3zs1bwx6sl8wsfx2hpy03mwr7vznxqm-texlive-2025-env-texmfdist/tex/gen
eric/pgf/math/pgfmathfloat.code.tex
\c@pgfmathroundto@lastzeros=\count290
))
(/nix/store/m3zs1bwx6sl8wsfx2hpy03mwr7vznxqm-texlive-2025-env-texmfdist/tex/gen
eric/pgf/math/pgfint.code.tex)
(/nix/store/m3zs1bwx6sl8wsfx2hpy03mwr7vznxqm-texlive-2025-env-texmfdist/tex/gen
eric/pgf/basiclayer/pgfcorepoints.code.tex
File: pgfcorepoints.code.tex 2023-01-15 v3.1.10 (3.1.10)
\pgf@picminx=\dimen164
\pgf@picmaxx=\dimen165
\pgf@picminy=\dimen166
\pgf@picmaxy=\dimen167
\pgf@pathminx=\dimen168
\pgf@pathmaxx=\dimen169
\pgf@pathminy=\dimen170
\pgf@pathmaxy=\dimen171
\pgf@xx=\dimen172
\pgf@xy=\dimen173
\pgf@yx=\dimen174
\pgf@yy=\dimen175
\pgf@zx=\dimen176
\pgf@zy=\dimen177
)
(/nix/store/m3zs1bwx6sl8wsfx2hpy03mwr7vznxqm-texlive-2025-env-texmfdist/tex/gen
eric/pgf/basiclayer/pgfcorepathconstruct.code.tex
File: pgfcorepathconstruct.code.tex 2023-01-15 v3.1.10 (3.1.10)
\pgf@path@lastx=\dimen178
\pgf@path@lasty=\dimen179
)
(/nix/store/m3zs1bwx6sl8wsfx2hpy03mwr7vznxqm-texlive-2025-env-texmfdist/tex/gen
eric/pgf/basiclayer/pgfcorepathusage.code.tex
File: pgfcorepathusage.code.tex 2023-01-15 v3.1.10 (3.1.10)
\pgf@shorten@end@additional=\dimen180
\pgf@shorten@start@additional=\dimen181
)
(/nix/store/m3zs1bwx6sl8wsfx2hpy03mwr7vznxqm-texlive-2025-env-texmfdist/tex/gen
eric/pgf/basiclayer/pgfcorescopes.code.tex
File: pgfcorescopes.code.tex 2023-01-15 v3.1.10 (3.1.10)
\pgfpic=\box55
\pgf@hbox=\box56
\pgf@layerbox@main=\box57
\pgf@picture@serial@count=\count291
)
(/nix/store/m3zs1bwx6sl8wsfx2hpy03mwr7vznxqm-texlive-2025-env-texmfdist/tex/gen
eric/pgf/basiclayer/pgfcoregraphicstate.code.tex
File: pgfcoregraphicstate.code.tex 2023-01-15 v3.1.10 (3.1.10)
\pgflinewidth=\dimen182
)
(/nix/store/m3zs1bwx6sl8wsfx2hpy03mwr7vznxqm-texlive-2025-env-texmfdist/tex/gen
eric/pgf/basiclayer/pgfcoretransformations.code.tex
File: pgfcoretransformations.code.tex 2023-01-15 v3.1.10 (3.1.10)
\pgf@pt@x=\dimen183
\pgf@pt@y=\dimen184
\pgf@pt@temp=\dimen185
)
(/nix/store/m3zs1bwx6sl8wsfx2hpy03mwr7vznxqm-texlive-2025-env-texmfdist/tex/gen
eric/pgf/basiclayer/pgfcorequick.code.tex
File: pgfcorequick.code.tex 2023-01-15 v3.1.10 (3.1.10)
)
(/nix/store/m3zs1bwx6sl8wsfx2hpy03mwr7vznxqm-texlive-2025-env-texmfdist/tex/gen
eric/pgf/basiclayer/pgfcoreobjects.code.tex
File: pgfcoreobjects.code.tex 2023-01-15 v3.1.10 (3.1.10)
)
(/nix/store/m3zs1bwx6sl8wsfx2hpy03mwr7vznxqm-texlive-2025-env-texmfdist/tex/gen
eric/pgf/basiclayer/pgfcorepathprocessing.code.tex
File: pgfcorepathprocessing.code.tex 2023-01-15 v3.1.10 (3.1.10)
)
(/nix/store/m3zs1bwx6sl8wsfx2hpy03mwr7vznxqm-texlive-2025-env-texmfdist/tex/gen
eric/pgf/basiclayer/pgfcorearrows.code.tex
File: pgfcorearrows.code.tex 2023-01-15 v3.1.10 (3.1.10)
\pgfarrowsep=\dimen186
)
(/nix/store/m3zs1bwx6sl8wsfx2hpy03mwr7vznxqm-texlive-2025-env-texmfdist/tex/gen
eric/pgf/basiclayer/pgfcoreshade.code.tex
File: pgfcoreshade.code.tex 2023-01-15 v3.1.10 (3.1.10)
\pgf@max=\dimen187
\pgf@sys@shading@range@num=\count292
\pgf@shadingcount=\count293
)
(/nix/store/m3zs1bwx6sl8wsfx2hpy03mwr7vznxqm-texlive-2025-env-texmfdist/tex/gen
eric/pgf/basiclayer/pgfcoreimage.code.tex
File: pgfcoreimage.code.tex 2023-01-15 v3.1.10 (3.1.10)
)
(/nix/store/m3zs1bwx6sl8wsfx2hpy03mwr7vznxqm-texlive-2025-env-texmfdist/tex/gen
eric/pgf/basiclayer/pgfcoreexternal.code.tex
File: pgfcoreexternal.code.tex 2023-01-15 v3.1.10 (3.1.10)
\pgfexternal@startupbox=\box58
)
(/nix/store/m3zs1bwx6sl8wsfx2hpy03mwr7vznxqm-texlive-2025-env-texmfdist/tex/gen
eric/pgf/basiclayer/pgfcorelayers.code.tex
File: pgfcorelayers.code.tex 2023-01-15 v3.1.10 (3.1.10)
)
(/nix/store/m3zs1bwx6sl8wsfx2hpy03mwr7vznxqm-texlive-2025-env-texmfdist/tex/gen
eric/pgf/basiclayer/pgfcoretransparency.code.tex
File: pgfcoretransparency.code.tex 2023-01-15 v3.1.10 (3.1.10)
)
(/nix/store/m3zs1bwx6sl8wsfx2hpy03mwr7vznxqm-texlive-2025-env-texmfdist/tex/gen
eric/pgf/basiclayer/pgfcorepatterns.code.tex
File: pgfcorepatterns.code.tex 2023-01-15 v3.1.10 (3.1.10)
)
(/nix/store/m3zs1bwx6sl8wsfx2hpy03mwr7vznxqm-texlive-2025-env-texmfdist/tex/gen
eric/pgf/basiclayer/pgfcorerdf.code.tex
File: pgfcorerdf.code.tex 2023-01-15 v3.1.10 (3.1.10)
)))
(/nix/store/m3zs1bwx6sl8wsfx2hpy03mwr7vznxqm-texlive-2025-env-texmfdist/tex/gen
eric/pgf/modules/pgfmoduleshapes.code.tex
File: pgfmoduleshapes.code.tex 2023-01-15 v3.1.10 (3.1.10)
\pgfnodeparttextbox=\box59
)
(/nix/store/m3zs1bwx6sl8wsfx2hpy03mwr7vznxqm-texlive-2025-env-texmfdist/tex/gen
eric/pgf/modules/pgfmoduleplot.code.tex
File: pgfmoduleplot.code.tex 2023-01-15 v3.1.10 (3.1.10)
)
(/nix/store/m3zs1bwx6sl8wsfx2hpy03mwr7vznxqm-texlive-2025-env-texmfdist/tex/lat
ex/pgf/compatibility/pgfcomp-version-0-65.sty
Package: pgfcomp-version-0-65 2023-01-15 v3.1.10 (3.1.10)
\pgf@nodesepstart=\dimen188
\pgf@nodesepend=\dimen189
)
(/nix/store/m3zs1bwx6sl8wsfx2hpy03mwr7vznxqm-texlive-2025-env-texmfdist/tex/lat
ex/pgf/compatibility/pgfcomp-version-1-18.sty
Package: pgfcomp-version-1-18 2023-01-15 v3.1.10 (3.1.10)
))
(/nix/store/m3zs1bwx6sl8wsfx2hpy03mwr7vznxqm-texlive-2025-env-texmfdist/tex/lat
ex/pgf/utilities/pgffor.sty
(/nix/store/m3zs1bwx6sl8wsfx2hpy03mwr7vznxqm-texlive-2025-env-texmfdist/tex/lat
ex/pgf/utilities/pgfkeys.sty
(/nix/store/m3zs1bwx6sl8wsfx2hpy03mwr7vznxqm-texlive-2025-env-texmfdist/tex/gen
eric/pgf/utilities/pgfkeys.code.tex))
(/nix/store/m3zs1bwx6sl8wsfx2hpy03mwr7vznxqm-texlive-2025-env-texmfdist/tex/lat
ex/pgf/math/pgfmath.sty
(/nix/store/m3zs1bwx6sl8wsfx2hpy03mwr7vznxqm-texlive-2025-env-texmfdist/tex/gen
eric/pgf/math/pgfmath.code.tex))
(/nix/store/m3zs1bwx6sl8wsfx2hpy03mwr7vznxqm-texlive-2025-env-texmfdist/tex/gen
eric/pgf/utilities/pgffor.code.tex
Package: pgffor 2023-01-15 v3.1.10 (3.1.10)
\pgffor@iter=\dimen190
\pgffor@skip=\dimen191
\pgffor@stack=\toks30
\pgffor@toks=\toks31
))
(/nix/store/m3zs1bwx6sl8wsfx2hpy03mwr7vznxqm-texlive-2025-env-texmfdist/tex/gen
eric/pgf/frontendlayer/tikz/tikz.code.tex
Package: tikz 2023-01-15 v3.1.10 (3.1.10)

(/nix/store/m3zs1bwx6sl8wsfx2hpy03mwr7vznxqm-texlive-2025-env-texmfdist/tex/gen
eric/pgf/libraries/pgflibraryplothandlers.code.tex
File: pgflibraryplothandlers.code.tex 2023-01-15 v3.1.10 (3.1.10)
\pgf@plot@mark@count=\count294
\pgfplotmarksize=\dimen192
)
\tikz@lastx=\dimen193
\tikz@lasty=\dimen194
\tikz@lastxsaved=\dimen195
\tikz@lastysaved=\dimen196
\tikz@lastmovetox=\dimen197
\tikz@lastmovetoy=\dimen198
\tikzleveldistance=\dimen199
\tikzsiblingdistance=\dimen256
\tikz@figbox=\box60
\tikz@figbox@bg=\box61
\tikz@tempbox=\box62
\tikz@tempbox@bg=\box63
\tikztreelevel=\count295
\tikznumberofchildren=\count296
\tikznumberofcurrentchild=\count297
\tikz@fig@count=\count298

(/nix/store/m3zs1bwx6sl8wsfx2hpy03mwr7vznxqm-texlive-2025-env-texmfdist/tex/gen
eric/pgf/modules/pgfmodulematrix.code.tex
File: pgfmodulematrix.code.tex 2023-01-15 v3.1.10 (3.1.10)
\pgfmatrixcurrentrow=\count299
\pgfmatrixcurrentcolumn=\count300
\pgf@matrix@numberofcolumns=\count301
)
\tikz@expandcount=\count302

(/nix/store/m3zs1bwx6sl8wsfx2hpy03mwr7vznxqm-texlive-2025-env-texmfdist/tex/gen
eric/pgf/frontendlayer/tikz/libraries/tikzlibrarytopaths.code.tex
File: tikzlibrarytopaths.code.tex 2023-01-15 v3.1.10 (3.1.10)
)))
(/nix/store/m3zs1bwx6sl8wsfx2hpy03mwr7vznxqm-texlive-2025-env-texmfdist/tex/gen
eric/pgf/frontendlayer/tikz/libraries/tikzlibraryangles.code.tex
File: tikzlibraryangles.code.tex 2023-01-15 v3.1.10 (3.1.10)
)
(/nix/store/m3zs1bwx6sl8wsfx2hpy03mwr7vznxqm-texlive-2025-env-texmfdist/tex/gen
eric/pgf/frontendlayer/tikz/libraries/tikzlibraryarrows.code.tex
File: tikzlibraryarrows.code.tex 2023-01-15 v3.1.10 (3.1.10)

(/nix/store/m3zs1bwx6sl8wsfx2hpy03mwr7vznxqm-texlive-2025-env-texmfdist/tex/gen
eric/pgf/libraries/pgflibraryarrows.code.tex
File: pgflibraryarrows.code.tex 2023-01-15 v3.1.10 (3.1.10)
\arrowsize=\dimen257
))
(/nix/store/m3zs1bwx6sl8wsfx2hpy03mwr7vznxqm-texlive-2025-env-texmfdist/tex/gen
eric/pgf/libraries/pgflibraryarrows.meta.code.tex
File: pgflibraryarrows.meta.code.tex 2023-01-15 v3.1.10 (3.1.10)
\pgfarrowinset=\dimen258
\pgfarrowlength=\dimen259
\pgfarrowwidth=\dimen260
\pgfarrowlinewidth=\dimen261
)
(/nix/store/m3zs1bwx6sl8wsfx2hpy03mwr7vznxqm-texlive-2025-env-texmfdist/tex/gen
eric/pgf/frontendlayer/tikz/libraries/tikzlibrarybackgrounds.code.tex
File: tikzlibrarybackgrounds.code.tex 2023-01-15 v3.1.10 (3.1.10)
\pgf@layerbox@background=\box64
\pgf@layerboxsaved@background=\box65
)
(/nix/store/m3zs1bwx6sl8wsfx2hpy03mwr7vznxqm-texlive-2025-env-texmfdist/tex/gen
eric/pgf/frontendlayer/tikz/libraries/tikzlibrarycalc.code.tex
File: tikzlibrarycalc.code.tex 2023-01-15 v3.1.10 (3.1.10)
)
(/nix/store/m3zs1bwx6sl8wsfx2hpy03mwr7vznxqm-texlive-2025-env-texmfdist/tex/gen
eric/pgf/frontendlayer/tikz/libraries/tikzlibrarydecorations.code.tex
(/nix/store/m3zs1bwx6sl8wsfx2hpy03mwr7vznxqm-texlive-2025-env-texmfdist/tex/gen
eric/pgf/modules/pgfmoduledecorations.code.tex
\pgfdecoratedcompleteddistance=\dimen262
\pgfdecoratedremainingdistance=\dimen263
\pgfdecoratedinputsegmentcompleteddistance=\dimen264
\pgfdecoratedinputsegmentremainingdistance=\dimen265
\pgf@decorate@distancetomove=\dimen266
\pgf@decorate@repeatstate=\count303
\pgfdecorationsegmentamplitude=\dimen267
\pgfdecorationsegmentlength=\dimen268
)
\tikz@lib@dec@box=\box66
)
(/nix/store/m3zs1bwx6sl8wsfx2hpy03mwr7vznxqm-texlive-2025-env-texmfdist/tex/gen
eric/pgf/frontendlayer/tikz/libraries/tikzlibrarydecorations.markings.code.tex
(/nix/store/m3zs1bwx6sl8wsfx2hpy03mwr7vznxqm-texlive-2025-env-texmfdist/tex/gen
eric/pgf/libraries/decorations/pgflibrarydecorations.markings.code.tex))
(/nix/store/m3zs1bwx6sl8wsfx2hpy03mwr7vznxqm-texlive-2025-env-texmfdist/tex/gen
eric/pgf/frontendlayer/tikz/libraries/tikzlibrarydecorations.pathreplacing.code
.tex
(/nix/store/m3zs1bwx6sl8wsfx2hpy03mwr7vznxqm-texlive-2025-env-texmfdist/tex/gen
eric/pgf/libraries/decorations/pgflibrarydecorations.pathreplacing.code.tex))
(/nix/store/m3zs1bwx6sl8wsfx2hpy03mwr7vznxqm-texlive-2025-env-texmfdist/tex/gen
eric/pgf/frontendlayer/tikz/libraries/tikzlibrarydecorations.shapes.code.tex
(/nix/store/m3zs1bwx6sl8wsfx2hpy03mwr7vznxqm-texlive-2025-env-texmfdist/tex/gen
eric/pgf/libraries/decorations/pgflibrarydecorations.shapes.code.tex))
(/nix/store/m3zs1bwx6sl8wsfx2hpy03mwr7vznxqm-texlive-2025-env-texmfdist/tex/gen
eric/pgf/frontendlayer/tikz/libraries/tikzlibrarydecorations.text.code.tex
(/nix/store/m3zs1bwx6sl8wsfx2hpy03mwr7vznxqm-texlive-2025-env-texmfdist/tex/gen
eric/pgf/libraries/decorations/pgflibrarydecorations.text.code.tex
\pgf@lib@dec@text@box=\box67
)
\tikz@lib@dec@te@box=\box68
)
(/nix/store/m3zs1bwx6sl8wsfx2hpy03mwr7vznxqm-texlive-2025-env-texmfdist/tex/gen
eric/pgf/frontendlayer/tikz/libraries/tikzlibrarydecorations.pathmorphing.code.
tex
(/nix/store/m3zs1bwx6sl8wsfx2hpy03mwr7vznxqm-texlive-2025-env-texmfdist/tex/gen
eric/pgf/libraries/decorations/pgflibrarydecorations.pathmorphing.code.tex))
(/nix/store/m3zs1bwx6sl8wsfx2hpy03mwr7vznxqm-texlive-2025-env-texmfdist/tex/gen
eric/pgf/frontendlayer/tikz/libraries/tikzlibraryintersections.code.tex
(/nix/store/m3zs1bwx6sl8wsfx2hpy03mwr7vznxqm-texlive-2025-env-texmfdist/tex/gen
eric/pgf/libraries/pgflibraryintersections.code.tex
(/nix/store/m3zs1bwx6sl8wsfx2hpy03mwr7vznxqm-texlive-2025-env-texmfdist/tex/gen
eric/pgf/libraries/pgflibraryfpu.code.tex)
\pgf@intersect@solutions=\count304
))
(/nix/store/m3zs1bwx6sl8wsfx2hpy03mwr7vznxqm-texlive-2025-env-texmfdist/tex/gen
eric/pgf/frontendlayer/tikz/libraries/tikzlibrarymath.code.tex
(/nix/store/m3zs1bwx6sl8wsfx2hpy03mwr7vznxqm-texlive-2025-env-texmfdist/tex/gen
eric/pgf/frontendlayer/tikz/libraries/tikzlibraryfpu.code.tex)
\tikz@math@for@depth=\count305
\tikz@math@dimen=\dimen269
\tikz@math@toks=\toks32
)
(/nix/store/m3zs1bwx6sl8wsfx2hpy03mwr7vznxqm-texlive-2025-env-texmfdist/tex/gen
eric/pgf/frontendlayer/tikz/libraries/tikzlibraryplotmarks.code.tex
File: tikzlibraryplotmarks.code.tex 2023-01-15 v3.1.10 (3.1.10)

(/nix/store/m3zs1bwx6sl8wsfx2hpy03mwr7vznxqm-texlive-2025-env-texmfdist/tex/gen
eric/pgf/libraries/pgflibraryplotmarks.code.tex
File: pgflibraryplotmarks.code.tex 2023-01-15 v3.1.10 (3.1.10)
))
(/nix/store/m3zs1bwx6sl8wsfx2hpy03mwr7vznxqm-texlive-2025-env-texmfdist/tex/gen
eric/pgf/frontendlayer/tikz/libraries/tikzlibrarypositioning.code.tex
File: tikzlibrarypositioning.code.tex 2023-01-15 v3.1.10 (3.1.10)
)
(/nix/store/m3zs1bwx6sl8wsfx2hpy03mwr7vznxqm-texlive-2025-env-texmfdist/tex/gen
eric/pgf/frontendlayer/tikz/libraries/tikzlibraryquotes.code.tex
File: tikzlibraryquotes.code.tex 2023-01-15 v3.1.10 (3.1.10)
)
(/nix/store/m3zs1bwx6sl8wsfx2hpy03mwr7vznxqm-texlive-2025-env-texmfdist/tex/gen
eric/pgf/frontendlayer/tikz/libraries/tikzlibraryshapes.misc.code.tex
File: tikzlibraryshapes.misc.code.tex 2023-01-15 v3.1.10 (3.1.10)

(/nix/store/m3zs1bwx6sl8wsfx2hpy03mwr7vznxqm-texlive-2025-env-texmfdist/tex/gen
eric/pgf/libraries/shapes/pgflibraryshapes.misc.code.tex
File: pgflibraryshapes.misc.code.tex 2023-01-15 v3.1.10 (3.1.10)
))
(/nix/store/m3zs1bwx6sl8wsfx2hpy03mwr7vznxqm-texlive-2025-env-texmfdist/tex/gen
eric/pgf/frontendlayer/tikz/libraries/tikzlibrarythrough.code.tex
File: tikzlibrarythrough.code.tex 2023-01-15 v3.1.10 (3.1.10)
)
(/nix/store/m3zs1bwx6sl8wsfx2hpy03mwr7vznxqm-texlive-2025-env-texmfdist/tex/lat
ex/l3packages/xfp/xfp.sty
(/nix/store/m3zs1bwx6sl8wsfx2hpy03mwr7vznxqm-texlive-2025-env-texmfdist/tex/lat
ex/l3kernel/expl3.sty
Package: expl3 2025-06-09 L3 programming layer (loader) 

(/nix/store/m3zs1bwx6sl8wsfx2hpy03mwr7vznxqm-texlive-2025-env-texmfdist/tex/lat
ex/l3backend/l3backend-luatex.def
File: l3backend-luatex.def 2025-06-09 L3 backend support: PDF output (LuaTeX)
\l__color_backend_stack_int=\count306
Inserting `l3color' in `luaotfload.parse_color'.))
Package: xfp 2024-08-16 L3 Floating point unit
)
(/nix/store/m3zs1bwx6sl8wsfx2hpy03mwr7vznxqm-texlive-2025-env-texmfdist/tex/lat
ex/xpatch/xpatch.sty
Package: xpatch 2020/03/25 v0.3a Extending etoolbox patching commands

(/nix/store/m3zs1bwx6sl8wsfx2hpy03mwr7vznxqm-texlive-2025-env-texmfdist/tex/lat
ex/l3packages/xparse/xparse.sty
Package: xparse 2024-08-16 L3 Experimental document command parser
)
(/nix/store/m3zs1bwx6sl8wsfx2hpy03mwr7vznxqm-texlive-2025-env-texmfdist/tex/lat
ex/etoolbox/etoolbox.sty
Package: etoolbox 2025/02/11 v2.5l e-TeX tools for LaTeX (JAW)
\etb@tempcnta=\count307
))
\tkzRadius=\dimen270
\tkzLength=\dimen271
\tkz@radi=\dimen272
\tkz@ax=\dimen273
\tkz@ay=\dimen274
\tkz@bx=\dimen275
\tkz@by=\dimen276
\tkz@cx=\dimen277
\tkz@cy=\dimen278
\tkz@dx=\dimen279
\tkz@dy=\dimen280
\tkz@cntmk=\count308

Local configuration file tkz-euclide.cfg found and used

(/nix/store/m3zs1bwx6sl8wsfx2hpy03mwr7vznxqm-texlive-2025-env-texmfdist/tex/lat
ex/tkz-euclide/tkz-euclide.cfg
2024/04/19 5.10c tkz-euclide.cfg
)
(/nix/store/m3zs1bwx6sl8wsfx2hpy03mwr7vznxqm-texlive-2025-env-texmfdist/tex/lat
ex/tkz-euclide/tkz-tools-eu-base.tex
2024/04/19 5.10c tkz-tools-eu-base.tex
)
(/nix/store/m3zs1bwx6sl8wsfx2hpy03mwr7vznxqm-texlive-2025-env-texmfdist/tex/lat
ex/tkz-euclide/tkz-tools-eu-utilities.tex
2024/04/19 5.10c tkz-tools-eu-utilities.tex
)
(/nix/store/m3zs1bwx6sl8wsfx2hpy03mwr7vznxqm-texlive-2025-env-texmfdist/tex/lat
ex/tkz-euclide/tkz-tools-eu-BB.tex
2024/04/19 5.10c tkz-obj-eu-BB.tex
)
(/nix/store/m3zs1bwx6sl8wsfx2hpy03mwr7vznxqm-texlive-2025-env-texmfdist/tex/lat
ex/tkz-euclide/tkz-obj-eu-grids.tex
2024/04/19 5.10c tkz-obj-eu-grids.tex
)
(/nix/store/m3zs1bwx6sl8wsfx2hpy03mwr7vznxqm-texlive-2025-env-texmfdist/tex/lat
ex/tkz-euclide/tkz-lib-eu-marks.tex
2024/04/19 5.10c tkz-lib-eu-marks.tex
)
(/nix/store/m3zs1bwx6sl8wsfx2hpy03mwr7vznxqm-texlive-2025-env-texmfdist/tex/lat
ex/tkz-euclide/tkz-tools-eu-text.tex
2024/04/19 5.10c tkz-tools-eu-text.tex
)
(/nix/store/m3zs1bwx6sl8wsfx2hpy03mwr7vznxqm-texlive-2025-env-texmfdist/tex/lat
ex/tkz-euclide/tkz-lib-eu-shape.tex
2024/04/19 5.10c tkz-lib-eu-shape.tex
)
(/nix/store/m3zs1bwx6sl8wsfx2hpy03mwr7vznxqm-texlive-2025-env-texmfdist/tex/lat
ex/tkz-euclide/tkz-obj-eu-axesmin.tex
2024/04/19 5.10c tkz-obj-eu-axesmin
)
(/nix/store/m3zs1bwx6sl8wsfx2hpy03mwr7vznxqm-texlive-2025-env-texmfdist/tex/lat
ex/tkz-euclide/tkz-tools-eu-colors.tex
2024/04/19 5.10c tkz-tools-eu-colors
)
(/nix/store/m3zs1bwx6sl8wsfx2hpy03mwr7vznxqm-texlive-2025-env-texmfdist/tex/lat
ex/tkz-euclide/tkz-obj-eu-points.tex
2024/04/19 5.10c tkz-obj-eu-points.tex
)
(/nix/store/m3zs1bwx6sl8wsfx2hpy03mwr7vznxqm-texlive-2025-env-texmfdist/tex/lat
ex/tkz-euclide/tkz-draw-eu-points.tex
2024/04/19 5.10c tkz-draw-eu-points.tex
)
(/nix/store/m3zs1bwx6sl8wsfx2hpy03mwr7vznxqm-texlive-2025-env-texmfdist/tex/lat
ex/tkz-euclide/tkz-obj-eu-points.tex
2024/04/19 5.10c tkz-obj-eu-points.tex
)
(/nix/store/m3zs1bwx6sl8wsfx2hpy03mwr7vznxqm-texlive-2025-env-texmfdist/tex/lat
ex/tkz-euclide/tkz-obj-eu-points-by.tex
2024/04/19 5.10c tkz-tools-eu-points-by.tex
)
(/nix/store/m3zs1bwx6sl8wsfx2hpy03mwr7vznxqm-texlive-2025-env-texmfdist/tex/lat
ex/tkz-euclide/tkz-tools-eu-math.tex
2024/04/19 5.10c tkz-tools-eu-math.tex
)
(/nix/store/m3zs1bwx6sl8wsfx2hpy03mwr7vznxqm-texlive-2025-env-texmfdist/tex/lat
ex/tkz-euclide/tkz-tools-eu-intersections.tex
2024/04/19 5.10c tkz-tools-eu-intersections.tex
)
(/nix/store/m3zs1bwx6sl8wsfx2hpy03mwr7vznxqm-texlive-2025-env-texmfdist/tex/lat
ex/tkz-euclide/tkz-obj-eu-points-with.tex
2024/04/19 5.10c tkz-obj-eu-points-with.tex
)
(/nix/store/m3zs1bwx6sl8wsfx2hpy03mwr7vznxqm-texlive-2025-env-texmfdist/tex/lat
ex/tkz-euclide/tkz-obj-eu-points-spc.tex
2024/04/19 5.10c tkz-obj-el-points.tex
)
(/nix/store/m3zs1bwx6sl8wsfx2hpy03mwr7vznxqm-texlive-2025-env-texmfdist/tex/lat
ex/tkz-euclide/tkz-tools-eu-angles.tex
2024/04/19 5.10c tkz-tools-eu-angles.tex
)
(/nix/store/m3zs1bwx6sl8wsfx2hpy03mwr7vznxqm-texlive-2025-env-texmfdist/tex/lat
ex/tkz-euclide/tkz-obj-eu-circles.tex
2024/04/19 5.10c tkz-obj-eu-circles.tex
)
(/nix/store/m3zs1bwx6sl8wsfx2hpy03mwr7vznxqm-texlive-2025-env-texmfdist/tex/lat
ex/tkz-euclide/tkz-obj-eu-circles-by.tex
2024/04/19 5.10c tkz-obj-eu-circles.tex
)
(/nix/store/m3zs1bwx6sl8wsfx2hpy03mwr7vznxqm-texlive-2025-env-texmfdist/tex/lat
ex/tkz-euclide/tkz-obj-eu-points-rnd.tex
2024/04/19 5.10c tkz-obj-eu-points-rnd.tex
)
(/nix/store/m3zs1bwx6sl8wsfx2hpy03mwr7vznxqm-texlive-2025-env-texmfdist/tex/lat
ex/tkz-euclide/tkz-obj-eu-lines.tex
2024/04/19 5.10c tkz-obj-eu-lines.tex
)
(/nix/store/m3zs1bwx6sl8wsfx2hpy03mwr7vznxqm-texlive-2025-env-texmfdist/tex/lat
ex/tkz-euclide/tkz-obj-eu-polygons.tex
2024/04/19 5.10c tkz-obj-eu-polygons.tex
)
(/nix/store/m3zs1bwx6sl8wsfx2hpy03mwr7vznxqm-texlive-2025-env-texmfdist/tex/lat
ex/tkz-euclide/tkz-obj-eu-triangles.tex
2024/04/19 5.10c tkz-obj-eu-triangles.tex
)
(/nix/store/m3zs1bwx6sl8wsfx2hpy03mwr7vznxqm-texlive-2025-env-texmfdist/tex/lat
ex/tkz-euclide/tkz-draw-eu-lines.tex
2024/04/19 5.10c tkz-obj-eu-draw-lines.tex
)
(/nix/store/m3zs1bwx6sl8wsfx2hpy03mwr7vznxqm-texlive-2025-env-texmfdist/tex/lat
ex/tkz-euclide/tkz-draw-eu-circles.tex
2024/04/19 5.10c tkz-obj-eu-draw-circles.tex
)
(/nix/store/m3zs1bwx6sl8wsfx2hpy03mwr7vznxqm-texlive-2025-env-texmfdist/tex/lat
ex/tkz-euclide/tkz-draw-eu-ellipses.tex
2024/04/19 5.10c tkz-obj-eu-draw-ellipses.tex
)
(/nix/store/m3zs1bwx6sl8wsfx2hpy03mwr7vznxqm-texlive-2025-env-texmfdist/tex/lat
ex/tkz-euclide/tkz-draw-eu-polygons.tex
2024/04/19 5.10c tkz-obj-eu-polygons.tex
)
(/nix/store/m3zs1bwx6sl8wsfx2hpy03mwr7vznxqm-texlive-2025-env-texmfdist/tex/lat
ex/tkz-euclide/tkz-draw-eu-arcs.tex
2024/04/19 5.10c tkz-tool-eu-arcs.tex
)
(/nix/store/m3zs1bwx6sl8wsfx2hpy03mwr7vznxqm-texlive-2025-env-texmfdist/tex/lat
ex/tkz-euclide/tkz-draw-eu-angles.tex
2024/04/19 5.10c tkz-tool-eu-angles.tex
)
(/nix/store/m3zs1bwx6sl8wsfx2hpy03mwr7vznxqm-texlive-2025-env-texmfdist/tex/lat
ex/tkz-euclide/tkz-draw-eu-sectors.tex
2024/04/19 5.10c tkz-obj-eu-sectors.tex
)
(/nix/store/m3zs1bwx6sl8wsfx2hpy03mwr7vznxqm-texlive-2025-env-texmfdist/tex/lat
ex/tkz-euclide/tkz-draw-eu-compass.tex
2024/04/19 5.10c tkz-obj-eu-compass.tex
)
(/nix/store/m3zs1bwx6sl8wsfx2hpy03mwr7vznxqm-texlive-2025-env-texmfdist/tex/lat
ex/tkz-euclide/tkz-draw-eu-show.tex
2024/04/19 5.10c tkz-obj-eu-show.tex
)
(/nix/store/m3zs1bwx6sl8wsfx2hpy03mwr7vznxqm-texlive-2025-env-texmfdist/tex/lat
ex/tkz-euclide/tkz-draw-eu-protractor.tex
2024/04/19 5.10c tkz-obj-eu-protractor.tex
))
(/nix/store/m3zs1bwx6sl8wsfx2hpy03mwr7vznxqm-texlive-2025-env-texmfdist/tex/lat
ex/amsfonts/amssymb.sty
Package: amssymb 2013/01/14 v3.01 AMS font symbols

(/nix/store/m3zs1bwx6sl8wsfx2hpy03mwr7vznxqm-texlive-2025-env-texmfdist/tex/lat
ex/amsfonts/amsfonts.sty
Package: amsfonts 2013/01/14 v3.01 Basic AMSFonts support
\@emptytoks=\toks33
\symAMSa=\mathgroup4
\symAMSb=\mathgroup5
LaTeX Font Info:    Redeclaring math symbol \hbar on input line 98.
LaTeX Font Info:    Overwriting math alphabet `\mathfrak' in version `bold'
(Font)                  U/euf/m/n --> U/euf/b/n on input line 106.
))
(/nix/store/m3zs1bwx6sl8wsfx2hpy03mwr7vznxqm-texlive-2025-env-texmfdist/tex/lat
ex/base/fontenc.sty
Package: fontenc 2024/12/21 v2.1c Standard LaTeX package
LaTeX Font Info:    Trying to load font information for T1+lmr on input line 11
6.

(/nix/store/m3zs1bwx6sl8wsfx2hpy03mwr7vznxqm-texlive-2025-env-texmfdist/tex/lat
ex/lm/t1lmr.fd
File: t1lmr.fd 2015/05/01 v1.6.1 Font defs for Latin Modern
))
(/nix/store/m3zs1bwx6sl8wsfx2hpy03mwr7vznxqm-texlive-2025-env-texmfdist/tex/lat
ex/fancyhdr/fancyhdr.sty
Package: fancyhdr 2025/02/07 v5.2 Extensive control of page headers and footers

\f@nch@headwidth=\skip51
\f@nch@offset@elh=\skip52
\f@nch@offset@erh=\skip53
\f@nch@offset@olh=\skip54
\f@nch@offset@orh=\skip55
\f@nch@offset@elf=\skip56
\f@nch@offset@erf=\skip57
\f@nch@offset@olf=\skip58
\f@nch@offset@orf=\skip59
\f@nch@height=\skip60
\f@nch@footalignment=\skip61
\f@nch@widthL=\skip62
\f@nch@widthC=\skip63
\f@nch@widthR=\skip64
\@temptokenb=\toks34
)
(/nix/store/m3zs1bwx6sl8wsfx2hpy03mwr7vznxqm-texlive-2025-env-texmfdist/tex/lat
ex/graphics/rotating.sty
Package: rotating 2025/01/14 v2.16e rotated objects in LaTeX

(/nix/store/m3zs1bwx6sl8wsfx2hpy03mwr7vznxqm-texlive-2025-env-texmfdist/tex/lat
ex/base/ifthen.sty
Package: ifthen 2024/03/16 v1.1e Standard LaTeX ifthen package (DPC)
)
\c@r@tfl@t=\count309
\rotFPtop=\skip65
\rotFPbot=\skip66
\rot@float@box=\box69
\rot@mess@toks=\toks35
)
(/nix/store/m3zs1bwx6sl8wsfx2hpy03mwr7vznxqm-texlive-2025-env-texmfdist/tex/lat
ex/ragged2e/ragged2e.sty
Package: ragged2e 2023/06/22 v3.6 ragged2e Package
\CenteringLeftskip=\skip67
\RaggedLeftLeftskip=\skip68
\RaggedRightLeftskip=\skip69
\CenteringRightskip=\skip70
\RaggedLeftRightskip=\skip71
\RaggedRightRightskip=\skip72
\CenteringParfillskip=\skip73
\RaggedLeftParfillskip=\skip74
\RaggedRightParfillskip=\skip75
\JustifyingParfillskip=\skip76
\CenteringParindent=\skip77
\RaggedLeftParindent=\skip78
\RaggedRightParindent=\skip79
\JustifyingParindent=\skip80
)
(/nix/store/m3zs1bwx6sl8wsfx2hpy03mwr7vznxqm-texlive-2025-env-texmfdist/tex/lat
ex/geometry/geometry.sty
Package: geometry 2020/01/02 v5.9 Page Geometry

(/nix/store/m3zs1bwx6sl8wsfx2hpy03mwr7vznxqm-texlive-2025-env-texmfdist/tex/gen
eric/iftex/ifvtex.sty
Package: ifvtex 2019/10/25 v1.7 ifvtex legacy package. Use iftex instead.

(/nix/store/m3zs1bwx6sl8wsfx2hpy03mwr7vznxqm-texlive-2025-env-texmfdist/tex/gen
eric/iftex/iftex.sty
Package: iftex 2024/12/12 v1.0g TeX engine tests
))
\Gm@cnth=\count310
\Gm@cntv=\count311
\c@Gm@tempcnt=\count312
\Gm@bindingoffset=\dimen281
\Gm@wd@mp=\dimen282
\Gm@odd@mp=\dimen283
\Gm@even@mp=\dimen284
\Gm@layoutwidth=\dimen285
\Gm@layoutheight=\dimen286
\Gm@layouthoffset=\dimen287
\Gm@layoutvoffset=\dimen288
\Gm@dimlist=\toks36
)
(/nix/store/m3zs1bwx6sl8wsfx2hpy03mwr7vznxqm-texlive-2025-env-texmfdist/tex/lat
ex/blindtext/blindtext.sty
Package: blindtext 2012/01/06 V2.0 blindtext-Package

(/nix/store/m3zs1bwx6sl8wsfx2hpy03mwr7vznxqm-texlive-2025-env-texmfdist/tex/lat
ex/tools/xspace.sty
Package: xspace 2014/10/28 v1.13 Space after command names (DPC,MH)
)
\c@blindtext=\count313
\c@Blindtext=\count314
\c@blind@countparstart=\count315
\blind@countxx=\count316
\blindtext@numBlindtext=\count317
\blind@countyy=\count318
\c@blindlist=\count319
\c@blindlistlevel=\count320
\c@blindlist@level=\count321
\blind@listitem=\count322
\c@blind@listcount=\count323
\c@blind@levelcount=\count324
\blind@mathformula=\count325
\blind@Mathformula=\count326
\c@blind@randomcount=\count327
\c@blind@randommax=\count328
\c@blind@pangramcount=\count329
\c@blind@pangrammax=\count330
)
(/nix/store/m3zs1bwx6sl8wsfx2hpy03mwr7vznxqm-texlive-2025-env-texmfdist/tex/lat
ex/amsmath/amsmath.sty
Package: amsmath 2025/06/16 v2.17y AMS math features
\@mathmargin=\skip81

For additional information on amsmath, use the `?' option.

(/nix/store/m3zs1bwx6sl8wsfx2hpy03mwr7vznxqm-texlive-2025-env-texmfdist/tex/lat
ex/amsmath/amstext.sty
Package: amstext 2024/11/17 v2.01 AMS text

(/nix/store/m3zs1bwx6sl8wsfx2hpy03mwr7vznxqm-texlive-2025-env-texmfdist/tex/lat
ex/amsmath/amsgen.sty
File: amsgen.sty 1999/11/30 v2.0 generic functions
\@emptytoks=\toks37
\ex@=\dimen289
))
(/nix/store/m3zs1bwx6sl8wsfx2hpy03mwr7vznxqm-texlive-2025-env-texmfdist/tex/lat
ex/amsmath/amsbsy.sty
Package: amsbsy 1999/11/29 v1.2d Bold Symbols
\pmbraise@=\dimen290
)
(/nix/store/m3zs1bwx6sl8wsfx2hpy03mwr7vznxqm-texlive-2025-env-texmfdist/tex/lat
ex/amsmath/amsopn.sty
Package: amsopn 2022/04/08 v2.04 operator names
)
\inf@bad=\count331
LaTeX Info: Redefining \frac on input line 235.
\uproot@=\count332
\leftroot@=\count333
LaTeX Info: Redefining \overline on input line 398.
LaTeX Info: Redefining \colon on input line 409.
\classnum@=\count334
\DOTSCASE@=\count335
LaTeX Info: Redefining \ldots on input line 495.
LaTeX Info: Redefining \dots on input line 498.
LaTeX Info: Redefining \cdots on input line 619.
\Mathstrutbox@=\box70
\strutbox@=\box71
LaTeX Info: Redefining \big on input line 721.
LaTeX Info: Redefining \Big on input line 722.
LaTeX Info: Redefining \bigg on input line 723.
LaTeX Info: Redefining \Bigg on input line 724.
\big@size=\dimen291
LaTeX Font Info:    Redeclaring font encoding OML on input line 742.
LaTeX Font Info:    Redeclaring font encoding OMS on input line 743.
\macc@depth=\count336
LaTeX Info: Redefining \bmod on input line 904.
LaTeX Info: Redefining \pmod on input line 909.
LaTeX Info: Redefining \smash on input line 939.
LaTeX Info: Redefining \relbar on input line 969.
LaTeX Info: Redefining \Relbar on input line 970.
\c@MaxMatrixCols=\count337
\dotsspace@=\muskip17
\c@parentequation=\count338
\dspbrk@lvl=\count339
\tag@help=\toks38
\row@=\count340
\column@=\count341
\maxfields@=\count342
\andhelp@=\toks39
\eqnshift@=\dimen292
\alignsep@=\dimen293
\tagshift@=\dimen294
\tagwidth@=\dimen295
\totwidth@=\dimen296
\lineht@=\dimen297
\@envbody=\toks40
\multlinegap=\skip82
\multlinetaggap=\skip83
\mathdisplay@stack=\toks41
LaTeX Info: Redefining \[ on input line 2949.
LaTeX Info: Redefining \] on input line 2950.
)
(/nix/store/m3zs1bwx6sl8wsfx2hpy03mwr7vznxqm-texlive-2025-env-texmfdist/tex/lat
ex/relsize/relsize.sty
Package: relsize 2013/03/29 ver 4.1
)
(/nix/store/m3zs1bwx6sl8wsfx2hpy03mwr7vznxqm-texlive-2025-env-texmfdist/tex/lat
ex/float/float.sty
Package: float 2001/11/08 v1.3d Float enhancements (AL)
\c@float@type=\count343
\float@exts=\toks42
\float@box=\box72
\@float@everytoks=\toks43
\@floatcapt=\box73
)
(/nix/store/m3zs1bwx6sl8wsfx2hpy03mwr7vznxqm-texlive-2025-env-texmfdist/tex/lat
ex/placeins/placeins.sty
Package: placeins 2005/04/18  v 2.2
)
(/nix/store/m3zs1bwx6sl8wsfx2hpy03mwr7vznxqm-texlive-2025-env-texmfdist/tex/lat
ex/enumitem/enumitem.sty
Package: enumitem 2025/02/06 v3.11 Customized lists
\labelindent=\skip84
\enit@outerparindent=\dimen298
\enit@toks=\toks44
\enit@inbox=\box74
\enit@count@id=\count344
\enitdp@description=\count345
)
(/nix/store/m3zs1bwx6sl8wsfx2hpy03mwr7vznxqm-texlive-2025-env-texmfdist/tex/lat
ex/booktabs/booktabs.sty
Package: booktabs 2020/01/12 v1.61803398 Publication quality tables
\heavyrulewidth=\dimen299
\lightrulewidth=\dimen300
\cmidrulewidth=\dimen301
\belowrulesep=\dimen302
\belowbottomsep=\dimen303
\aboverulesep=\dimen304
\abovetopsep=\dimen305
\cmidrulesep=\dimen306
\cmidrulekern=\dimen307
\defaultaddspace=\dimen308
\@cmidla=\count346
\@cmidlb=\count347
\@aboverulesep=\dimen309
\@belowrulesep=\dimen310
\@thisruleclass=\count348
\@lastruleclass=\count349
\@thisrulewidth=\dimen311
)
(/nix/store/m3zs1bwx6sl8wsfx2hpy03mwr7vznxqm-texlive-2025-env-texmfdist/tex/lat
ex/tools/array.sty
Package: array 2025/06/08 v2.6j Tabular extension package (FMi)
\col@sep=\dimen312
\ar@mcellbox=\box75
\extrarowheight=\dimen313
\NC@list=\toks45
\extratabsurround=\skip85
\backup@length=\skip86
\ar@cellbox=\box76
)
(/nix/store/m3zs1bwx6sl8wsfx2hpy03mwr7vznxqm-texlive-2025-env-texmfdist/tex/lat
ex/colortbl/colortbl.sty
Package: colortbl 2024/10/29 v1.0k Color table columns (DPC)
\everycr=\toks46
\minrowclearance=\skip87
\rownum=\count350
)
(/nix/store/m3zs1bwx6sl8wsfx2hpy03mwr7vznxqm-texlive-2025-env-texmfdist/tex/lat
ex/tabu/tabu.sty
Package: tabu 2019/01/11 v2.9 - flexible LaTeX tabulars (FC+tabu-fixed)

(/nix/store/m3zs1bwx6sl8wsfx2hpy03mwr7vznxqm-texlive-2025-env-texmfdist/tex/lat
ex/varwidth/varwidth.sty
Package: varwidth 2009/03/30 ver 0.92;  Variable-width minipages
\@vwid@box=\box77
\sift@deathcycles=\count351
\@vwid@loff=\dimen314
\@vwid@roff=\dimen315
)
==> First Aid for varwidth.sty applied!
\c@taburow=\count352
\tabu@nbcols=\count353
\tabu@cnt=\count354
\tabu@Xcol=\count355
\tabu@alloc=\count356
\tabu@nested=\count357
\tabu@target=\dimen316
\tabu@spreadtarget=\dimen317
\tabu@naturalX=\dimen318
\tabucolX=\dimen319
\tabu@Xsum=\dimen320
\extrarowdepth=\dimen321
\abovetabulinesep=\dimen322
\belowtabulinesep=\dimen323
\tabustrutrule=\dimen324
\tabu@thebody=\toks47
\tabu@footnotes=\toks48
\tabu@box=\box78
\tabu@arstrutbox=\box79
\tabu@hleads=\box80
\tabu@vleads=\box81
\tabu@cellskip=\skip88
)
(/nix/store/m3zs1bwx6sl8wsfx2hpy03mwr7vznxqm-texlive-2025-env-texmfdist/tex/lat
ex/url/url.sty
\Urlmuskip=\muskip18
Package: url 2013/09/16  ver 3.4  Verb mode for urls, etc.
)
(/nix/store/m3zs1bwx6sl8wsfx2hpy03mwr7vznxqm-texlive-2025-env-texmfdist/tex/lat
ex/base/textcomp.sty
Package: textcomp 2024/04/24 v2.1b Standard LaTeX package
)
(/nix/store/m3zs1bwx6sl8wsfx2hpy03mwr7vznxqm-texlive-2025-env-texmfdist/tex/lat
ex/diagbox/diagbox.sty
Package: diagbox 2020/02/09 v2.3 Making table heads with diagonal lines

(/nix/store/m3zs1bwx6sl8wsfx2hpy03mwr7vznxqm-texlive-2025-env-texmfdist/tex/lat
ex/pict2e/pict2e.sty
Package: pict2e 2020/09/30 v0.4b Improved picture commands (HjG,RN,JT)

(/nix/store/m3zs1bwx6sl8wsfx2hpy03mwr7vznxqm-texlive-2025-env-texmfdist/tex/lat
ex/pict2e/pict2e.cfg
File: pict2e.cfg 2016/02/05 v0.1u pict2e configuration for teTeX/TeXLive
)
Package pict2e Info: Driver file: luatex.def on input line 112.
Package pict2e Info: Driver file for pict2e: p2e-luatex.def on input line 114.

(/nix/store/m3zs1bwx6sl8wsfx2hpy03mwr7vznxqm-texlive-2025-env-texmfdist/tex/lat
ex/pict2e/p2e-luatex.def
File: p2e-luatex.def 2016/02/05 v0.1u Driver-dependant file (RN,HjG,JT)
)
\pIIe@GRAPH=\toks49
\@arclen=\dimen325
\@arcrad=\dimen326
\pIIe@tempdima=\dimen327
\pIIe@tempdimb=\dimen328
\pIIe@tempdimc=\dimen329
\pIIe@tempdimd=\dimen330
\pIIe@tempdime=\dimen331
\pIIe@tempdimf=\dimen332
)
(/nix/store/m3zs1bwx6sl8wsfx2hpy03mwr7vznxqm-texlive-2025-env-texmfdist/tex/lat
ex/tools/calc.sty
Package: calc 2025/03/01 v4.3b Infix arithmetic (KKT,FJ)
\calc@Acount=\count358
\calc@Bcount=\count359
\calc@Adimen=\dimen333
\calc@Bdimen=\dimen334
\calc@Askip=\skip89
\calc@Bskip=\skip90
LaTeX Info: Redefining \setlength on input line 86.
LaTeX Info: Redefining \addtolength on input line 87.
\calc@Ccount=\count360
\calc@Cskip=\skip91
)
\diagbox@boxa=\box82
\diagbox@boxb=\box83
\diagbox@boxm=\box84
\diagbox@wd=\dimen335
\diagbox@ht=\dimen336
\diagbox@insepl=\dimen337
\diagbox@insepr=\dimen338
\diagbox@outsepl=\dimen339
\diagbox@outsepr=\dimen340
)
(/nix/store/m3zs1bwx6sl8wsfx2hpy03mwr7vznxqm-texlive-2025-env-texmfdist/tex/lat
ex/caption/caption.sty
Package: caption 2023/08/05 v3.6o Customizing captions (AR)

(/nix/store/m3zs1bwx6sl8wsfx2hpy03mwr7vznxqm-texlive-2025-env-texmfdist/tex/lat
ex/caption/caption3.sty
Package: caption3 2023/07/31 v2.4d caption3 kernel (AR)
\caption@tempdima=\dimen341
\captionmargin=\dimen342
\caption@leftmargin=\dimen343
\caption@rightmargin=\dimen344
\caption@width=\dimen345
\caption@indent=\dimen346
\caption@parindent=\dimen347
\caption@hangindent=\dimen348
Package caption Info: Standard document class detected.
)
\c@caption@flags=\count361
\c@continuedfloat=\count362
Package caption Info: float package is loaded.
Package caption Info: rotating package is loaded.
)
(/nix/store/m3zs1bwx6sl8wsfx2hpy03mwr7vznxqm-texlive-2025-env-texmfdist/tex/lat
ex/mathtools/mathtools.sty
Package: mathtools 2024/10/04 v1.31 mathematical typesetting tools

(/nix/store/m3zs1bwx6sl8wsfx2hpy03mwr7vznxqm-texlive-2025-env-texmfdist/tex/lat
ex/mathtools/mhsetup.sty
Package: mhsetup 2021/03/18 v1.4 programming setup (MH)
)
\g_MT_multlinerow_int=\count363
\l_MT_multwidth_dim=\dimen349
\origjot=\skip92
\l_MT_shortvdotswithinadjustabove_dim=\dimen350
\l_MT_shortvdotswithinadjustbelow_dim=\dimen351
\l_MT_above_intertext_sep=\dimen352
\l_MT_below_intertext_sep=\dimen353
\l_MT_above_shortintertext_sep=\dimen354
\l_MT_below_shortintertext_sep=\dimen355
\xmathstrut@box=\box85
\xmathstrut@dim=\dimen356
)
(/nix/store/m3zs1bwx6sl8wsfx2hpy03mwr7vznxqm-texlive-2025-env-texmfdist/tex/lat
ex/fontspec/fontspec.sty
Package: fontspec 2024/05/11 v2.9e Font selection for XeLaTeX and LuaLaTeX
Lua module: fontspec 2024/05/11 v2.9e Font selection for XeLaTeX and LuaLaTeX
(/nix/store/m3zs1bwx6sl8wsfx2hpy03mwr7vznxqm-texlive-2025-env-texmfdist/tex/lat
ex/fontspec/fontspec-luatex.sty
Package: fontspec-luatex 2024/05/11 v2.9e Font selection for XeLaTeX and LuaLaT
eX
\l__fontspec_script_int=\count364
\l__fontspec_language_int=\count365
\l__fontspec_strnum_int=\count366
\l__fontspec_tmp_int=\count367
\l__fontspec_tmpa_int=\count368
\l__fontspec_tmpb_int=\count369
\l__fontspec_tmpc_int=\count370
\l__fontspec_em_int=\count371
\l__fontspec_emdef_int=\count372
\l__fontspec_strong_int=\count373
\l__fontspec_strongdef_int=\count374
\l__fontspec_tmpa_dim=\dimen357
\l__fontspec_tmpb_dim=\dimen358
\l__fontspec_tmpc_dim=\dimen359

(/nix/store/m3zs1bwx6sl8wsfx2hpy03mwr7vznxqm-texlive-2025-env-texmfdist/tex/lat
ex/base/fontenc.sty
Package: fontenc 2024/12/21 v2.1c Standard LaTeX package
)
(/nix/store/m3zs1bwx6sl8wsfx2hpy03mwr7vznxqm-texlive-2025-env-texmfdist/tex/lat
ex/fontspec/fontspec.cfg)))
(/nix/store/m3zs1bwx6sl8wsfx2hpy03mwr7vznxqm-texlive-2025-env-texmfdist/tex/lat
ex/hyperref/hyperref.sty
Package: hyperref 2025-06-21 v7.01n Hypertext links for LaTeX

(/nix/store/m3zs1bwx6sl8wsfx2hpy03mwr7vznxqm-texlive-2025-env-texmfdist/tex/lat
ex/kvsetkeys/kvsetkeys.sty
Package: kvsetkeys 2022-10-05 v1.19 Key value parser (HO)
)
(/nix/store/m3zs1bwx6sl8wsfx2hpy03mwr7vznxqm-texlive-2025-env-texmfdist/tex/gen
eric/kvdefinekeys/kvdefinekeys.sty
Package: kvdefinekeys 2019-12-19 v1.6 Define keys (HO)
)
(/nix/store/m3zs1bwx6sl8wsfx2hpy03mwr7vznxqm-texlive-2025-env-texmfdist/tex/gen
eric/pdfescape/pdfescape.sty
Package: pdfescape 2019/12/09 v1.15 Implements pdfTeX's escape features (HO)

(/nix/store/m3zs1bwx6sl8wsfx2hpy03mwr7vznxqm-texlive-2025-env-texmfdist/tex/gen
eric/ltxcmds/ltxcmds.sty
Package: ltxcmds 2023-12-04 v1.26 LaTeX kernel commands for general use (HO)
)
(/nix/store/m3zs1bwx6sl8wsfx2hpy03mwr7vznxqm-texlive-2025-env-texmfdist/tex/gen
eric/pdftexcmds/pdftexcmds.sty
Package: pdftexcmds 2020-06-27 v0.33 Utility functions of pdfTeX for LuaTeX (HO
)

(/nix/store/m3zs1bwx6sl8wsfx2hpy03mwr7vznxqm-texlive-2025-env-texmfdist/tex/gen
eric/infwarerr/infwarerr.sty
Package: infwarerr 2019/12/03 v1.5 Providing info/warning/error messages (HO)
)
Package pdftexcmds Info: \pdf@primitive is available.
Package pdftexcmds Info: \pdf@ifprimitive is available.
Package pdftexcmds Info: \pdfdraftmode found.
\pdftexcmds@toks=\toks50
))
(/nix/store/m3zs1bwx6sl8wsfx2hpy03mwr7vznxqm-texlive-2025-env-texmfdist/tex/lat
ex/hycolor/hycolor.sty
Package: hycolor 2020-01-27 v1.10 Color options for hyperref/bookmark (HO)
)
(/nix/store/m3zs1bwx6sl8wsfx2hpy03mwr7vznxqm-texlive-2025-env-texmfdist/tex/lat
ex/hyperref/nameref.sty
Package: nameref 2025-06-21 v2.57 Cross-referencing by name of section

(/nix/store/m3zs1bwx6sl8wsfx2hpy03mwr7vznxqm-texlive-2025-env-texmfdist/tex/lat
ex/refcount/refcount.sty
Package: refcount 2019/12/15 v3.6 Data extraction from label references (HO)
)
(/nix/store/m3zs1bwx6sl8wsfx2hpy03mwr7vznxqm-texlive-2025-env-texmfdist/tex/gen
eric/gettitlestring/gettitlestring.sty
Package: gettitlestring 2019/12/15 v1.6 Cleanup title references (HO)

(/nix/store/m3zs1bwx6sl8wsfx2hpy03mwr7vznxqm-texlive-2025-env-texmfdist/tex/lat
ex/kvoptions/kvoptions.sty
Package: kvoptions 2022-06-15 v3.15 Key value format for package options (HO)
))
\c@section@level=\count375
)
(/nix/store/m3zs1bwx6sl8wsfx2hpy03mwr7vznxqm-texlive-2025-env-texmfdist/tex/gen
eric/stringenc/stringenc.sty
Package: stringenc 2019/11/29 v1.12 Convert strings between diff. encodings (HO
)
)
\@linkdim=\dimen360
\Hy@linkcounter=\count376
\Hy@pagecounter=\count377

(/nix/store/m3zs1bwx6sl8wsfx2hpy03mwr7vznxqm-texlive-2025-env-texmfdist/tex/lat
ex/hyperref/pd1enc.def
File: pd1enc.def 2025-06-21 v7.01n Hyperref: PDFDocEncoding definition (HO)
)
(/nix/store/m3zs1bwx6sl8wsfx2hpy03mwr7vznxqm-texlive-2025-env-texmfdist/tex/gen
eric/intcalc/intcalc.sty
Package: intcalc 2019/12/15 v1.3 Expandable calculations with integers (HO)
)
\Hy@SavedSpaceFactor=\count378

(/nix/store/m3zs1bwx6sl8wsfx2hpy03mwr7vznxqm-texlive-2025-env-texmfdist/tex/lat
ex/hyperref/puenc.def
File: puenc.def 2025-06-21 v7.01n Hyperref: PDF Unicode definition (HO)
)
Package hyperref Info: Option `unicode' set `true' on input line 4052.
Package hyperref Info: Option `psdextra' set `true' on input line 4052.

(/nix/store/m3zs1bwx6sl8wsfx2hpy03mwr7vznxqm-texlive-2025-env-texmfdist/tex/lat
ex/hyperref/psdextra.def
File: psdextra.def 2025-06-21 v7.01n Hyperref: Additions to PDF string support
)
Package hyperref Info: Hyper figures OFF on input line 4181.
Package hyperref Info: Link nesting OFF on input line 4186.
Package hyperref Info: Hyper index ON on input line 4189.
Package hyperref Info: Plain pages OFF on input line 4196.
Package hyperref Info: Backreferencing OFF on input line 4201.
Package hyperref Info: Implicit mode ON; LaTeX internals redefined.
Package hyperref Info: Bookmarks ON on input line 4448.
\c@Hy@tempcnt=\count379
LaTeX Info: Redefining \url on input line 4787.
\XeTeXLinkMargin=\dimen361

(/nix/store/m3zs1bwx6sl8wsfx2hpy03mwr7vznxqm-texlive-2025-env-texmfdist/tex/gen
eric/bitset/bitset.sty
Package: bitset 2019/12/09 v1.3 Handle bit-vector datatype (HO)

(/nix/store/m3zs1bwx6sl8wsfx2hpy03mwr7vznxqm-texlive-2025-env-texmfdist/tex/gen
eric/bigintcalc/bigintcalc.sty
Package: bigintcalc 2019/12/15 v1.5 Expandable calculations on big integers (HO
)
))
\Fld@menulength=\count380
\Field@Width=\dimen362
\Fld@charsize=\dimen363
Package hyperref Info: Hyper figures OFF on input line 6066.
Package hyperref Info: Link nesting OFF on input line 6071.
Package hyperref Info: Hyper index ON on input line 6074.
Package hyperref Info: backreferencing OFF on input line 6081.
Package hyperref Info: Link coloring OFF on input line 6086.
Package hyperref Info: Link coloring with OCG OFF on input line 6091.
Package hyperref Info: PDF/A mode OFF on input line 6096.
\Hy@abspage=\count381
\c@Item=\count382
\c@Hfootnote=\count383
)
Package hyperref Info: Driver (autodetected): hluatex.

(/nix/store/m3zs1bwx6sl8wsfx2hpy03mwr7vznxqm-texlive-2025-env-texmfdist/tex/lat
ex/hyperref/hluatex.def
File: hluatex.def 2025-06-21 v7.01n Hyperref driver for luaTeX
\Fld@listcount=\count384
\c@bookmark@seq@number=\count385

(/nix/store/m3zs1bwx6sl8wsfx2hpy03mwr7vznxqm-texlive-2025-env-texmfdist/tex/lat
ex/rerunfilecheck/rerunfilecheck.sty
Package: rerunfilecheck 2025-06-21 v1.11 Rerun checks for auxiliary files (HO)

(/nix/store/m3zs1bwx6sl8wsfx2hpy03mwr7vznxqm-texlive-2025-env-texmfdist/tex/gen
eric/uniquecounter/uniquecounter.sty
Package: uniquecounter 2019/12/15 v1.4 Provide unlimited unique counter (HO)
)
Package uniquecounter Info: New unique counter `rerunfilecheck' on input line 2
84.
)
\Hy@SectionHShift=\skip93
)
(/nix/store/m3zs1bwx6sl8wsfx2hpy03mwr7vznxqm-texlive-2025-env-texmfdist/tex/lat
ex/pgfplots/pgfplots.sty
(/nix/store/m3zs1bwx6sl8wsfx2hpy03mwr7vznxqm-texlive-2025-env-texmfdist/tex/gen
eric/pgfplots/pgfplots.revision.tex)
Package: pgfplots 2021/05/15 v1.18.1 Data Visualization (1.18.1)

(/nix/store/m3zs1bwx6sl8wsfx2hpy03mwr7vznxqm-texlive-2025-env-texmfdist/tex/gen
eric/pgfplots/pgfplots.code.tex
(/nix/store/m3zs1bwx6sl8wsfx2hpy03mwr7vznxqm-texlive-2025-env-texmfdist/tex/gen
eric/pgfplots/pgfplotscore.code.tex
Package pgfplots info on input line 124: Initializing with LUA version Lua 5.3
\pgfplots@luabackend@table=\catcodetable16
\t@pgfplots@toka=\toks51
\t@pgfplots@tokb=\toks52
\t@pgfplots@tokc=\toks53
\pgfplots@tmpa=\dimen364
\c@pgfplots@coordindex=\count386
\c@pgfplots@scanlineindex=\count387

(/nix/store/m3zs1bwx6sl8wsfx2hpy03mwr7vznxqm-texlive-2025-env-texmfdist/tex/gen
eric/pgfplots/sys/pgfplotssysgeneric.code.tex))
(/nix/store/m3zs1bwx6sl8wsfx2hpy03mwr7vznxqm-texlive-2025-env-texmfdist/tex/gen
eric/pgfplots/libs/pgfplotslibrary.code.tex)
(/nix/store/m3zs1bwx6sl8wsfx2hpy03mwr7vznxqm-texlive-2025-env-texmfdist/tex/gen
eric/pgfplots/oldpgfcompatib/pgfplotsoldpgfsupp_loader.code.tex
Package pgfplots: loading complementary utilities for your pgf version...
\t@pgf@toka=\toks54
\t@pgf@tokb=\toks55
\t@pgf@tokc=\toks56

(/nix/store/m3zs1bwx6sl8wsfx2hpy03mwr7vznxqm-texlive-2025-env-texmfdist/tex/gen
eric/pgfplots/oldpgfcompatib/pgfplotsoldpgfsupp_pgfutil-common-lists.tex)
(/nix/store/m3zs1bwx6sl8wsfx2hpy03mwr7vznxqm-texlive-2025-env-texmfdist/tex/gen
eric/pgf/libraries/luamath/pgflibraryluamath.code.tex)
Package pgfplots info on input line 290: luamath library shipped with pgf 3.1.1
0 is up-to-date
)
(/nix/store/m3zs1bwx6sl8wsfx2hpy03mwr7vznxqm-texlive-2025-env-texmfdist/tex/gen
eric/pgfplots/util/pgfplotsutil.code.tex
Package pgfplots info on input line 82: Found new luatex: initializing lua comm
ands instead of write18 (shell-escape)

(/nix/store/m3zs1bwx6sl8wsfx2hpy03mwr7vznxqm-texlive-2025-env-texmfdist/tex/gen
eric/pgfplots/liststructure/pgfplotsliststructure.code.tex)
(/nix/store/m3zs1bwx6sl8wsfx2hpy03mwr7vznxqm-texlive-2025-env-texmfdist/tex/gen
eric/pgfplots/liststructure/pgfplotsliststructureext.code.tex)
(/nix/store/m3zs1bwx6sl8wsfx2hpy03mwr7vznxqm-texlive-2025-env-texmfdist/tex/gen
eric/pgfplots/liststructure/pgfplotsarray.code.tex
\c@pgfplotsarray@tmp=\count388
)
(/nix/store/m3zs1bwx6sl8wsfx2hpy03mwr7vznxqm-texlive-2025-env-texmfdist/tex/gen
eric/pgfplots/liststructure/pgfplotsmatrix.code.tex)
(/nix/store/m3zs1bwx6sl8wsfx2hpy03mwr7vznxqm-texlive-2025-env-texmfdist/tex/gen
eric/pgfplots/numtable/pgfplotstableshared.code.tex
\c@pgfplotstable@counta=\count389
\t@pgfplotstable@a=\toks57
)
(/nix/store/m3zs1bwx6sl8wsfx2hpy03mwr7vznxqm-texlive-2025-env-texmfdist/tex/gen
eric/pgfplots/liststructure/pgfplotsdeque.code.tex)
(/nix/store/m3zs1bwx6sl8wsfx2hpy03mwr7vznxqm-texlive-2025-env-texmfdist/tex/gen
eric/pgfplots/util/pgfplotsbinary.code.tex
(/nix/store/m3zs1bwx6sl8wsfx2hpy03mwr7vznxqm-texlive-2025-env-texmfdist/tex/gen
eric/pgfplots/util/pgfplotsbinary.data.code.tex))
(/nix/store/m3zs1bwx6sl8wsfx2hpy03mwr7vznxqm-texlive-2025-env-texmfdist/tex/gen
eric/pgfplots/util/pgfplotsutil.verb.code.tex)
(/nix/store/m3zs1bwx6sl8wsfx2hpy03mwr7vznxqm-texlive-2025-env-texmfdist/tex/gen
eric/pgfplots/libs/pgflibrarypgfplots.surfshading.code.tex
\c@pgfplotslibrarysurf@no=\count390

(/nix/store/m3zs1bwx6sl8wsfx2hpy03mwr7vznxqm-texlive-2025-env-texmfdist/tex/gen
eric/pgfplots/sys/pgflibrarypgfplots.surfshading.pgfsys-luatex.def)))
(/nix/store/m3zs1bwx6sl8wsfx2hpy03mwr7vznxqm-texlive-2025-env-texmfdist/tex/gen
eric/pgfplots/util/pgfplotscolormap.code.tex
(/nix/store/m3zs1bwx6sl8wsfx2hpy03mwr7vznxqm-texlive-2025-env-texmfdist/tex/gen
eric/pgfplots/util/pgfplotscolor.code.tex))
(/nix/store/m3zs1bwx6sl8wsfx2hpy03mwr7vznxqm-texlive-2025-env-texmfdist/tex/gen
eric/pgfplots/pgfplotsstackedplots.code.tex)
(/nix/store/m3zs1bwx6sl8wsfx2hpy03mwr7vznxqm-texlive-2025-env-texmfdist/tex/gen
eric/pgfplots/pgfplotsplothandlers.code.tex
(/nix/store/m3zs1bwx6sl8wsfx2hpy03mwr7vznxqm-texlive-2025-env-texmfdist/tex/gen
eric/pgfplots/pgfplotsmeshplothandler.code.tex
(/nix/store/m3zs1bwx6sl8wsfx2hpy03mwr7vznxqm-texlive-2025-env-texmfdist/tex/gen
eric/pgfplots/pgfplotsmeshplotimage.code.tex)))
(/nix/store/m3zs1bwx6sl8wsfx2hpy03mwr7vznxqm-texlive-2025-env-texmfdist/tex/gen
eric/pgfplots/pgfplots.scaling.code.tex)
(/nix/store/m3zs1bwx6sl8wsfx2hpy03mwr7vznxqm-texlive-2025-env-texmfdist/tex/gen
eric/pgfplots/pgfplotscoordprocessing.code.tex)
(/nix/store/m3zs1bwx6sl8wsfx2hpy03mwr7vznxqm-texlive-2025-env-texmfdist/tex/gen
eric/pgfplots/pgfplots.errorbars.code.tex)
(/nix/store/m3zs1bwx6sl8wsfx2hpy03mwr7vznxqm-texlive-2025-env-texmfdist/tex/gen
eric/pgfplots/pgfplots.markers.code.tex)
(/nix/store/m3zs1bwx6sl8wsfx2hpy03mwr7vznxqm-texlive-2025-env-texmfdist/tex/gen
eric/pgfplots/pgfplotsticks.code.tex)
(/nix/store/m3zs1bwx6sl8wsfx2hpy03mwr7vznxqm-texlive-2025-env-texmfdist/tex/gen
eric/pgfplots/pgfplots.paths.code.tex)
(/nix/store/m3zs1bwx6sl8wsfx2hpy03mwr7vznxqm-texlive-2025-env-texmfdist/tex/gen
eric/pgfplots/libs/tikzlibrarypgfplots.contourlua.code.tex)
\pgfplots@numplots=\count391
\pgfplots@xmin@reg=\dimen365
\pgfplots@xmax@reg=\dimen366
\pgfplots@ymin@reg=\dimen367
\pgfplots@ymax@reg=\dimen368
\pgfplots@zmin@reg=\dimen369
\pgfplots@zmax@reg=\dimen370
))
(/nix/store/m3zs1bwx6sl8wsfx2hpy03mwr7vznxqm-texlive-2025-env-texmfdist/tex/lat
ex/tools/multicol.sty
Package: multicol 2025/05/25 v2.0a multicolumn formatting (FMi)
\c@tracingmulticols=\count392
\mult@box=\box86
\multicol@leftmargin=\dimen371
\c@unbalance=\count393
\c@collectmore=\count394
\doublecol@number=\count395
\multicoltolerance=\count396
\multicolpretolerance=\count397
\full@width=\dimen372
\page@free=\dimen373
\premulticols=\dimen374
\postmulticols=\dimen375
\multicolsep=\skip94
\multicolbaselineskip=\skip95
\partial@page=\box87
\last@line=\box88
\mc@boxedresult=\box89
\maxbalancingoverflow=\dimen376
\mult@rightbox=\box90
\mult@grightbox=\box91
\mult@firstbox=\box92
\mult@gfirstbox=\box93
\@tempa=\box94
\@tempa=\box95
\@tempa=\box96
\@tempa=\box97
\@tempa=\box98
\@tempa=\box99
\@tempa=\box100
\@tempa=\box101
\@tempa=\box102
\@tempa=\box103
\@tempa=\box104
\@tempa=\box105
\@tempa=\box106
\@tempa=\box107
\@tempa=\box108
\@tempa=\box109
\@tempa=\box110
\@tempa=\box111
\@tempa=\box112
\@tempa=\box113
\@tempa=\box114
\@tempa=\box115
\@tempa=\box116
\@tempa=\box117
\@tempa=\box118
\@tempa=\box119
\@tempa=\box120
\@tempa=\box121
\@tempa=\box122
\@tempa=\box123
\@tempa=\box124
\@tempa=\box125
\@tempa=\box126
\@tempa=\box127
\@tempa=\box128
\@tempa=\box129
\c@minrows=\count398
\c@columnbadness=\count399
\c@finalcolumnbadness=\count400
\last@try=\dimen377
\multicolovershoot=\dimen378
\multicolundershoot=\dimen379
\mult@nat@firstbox=\box130
\colbreak@box=\box131
\mc@col@check@num=\count401
\g__mc_curr_col_int=\count402
)
(/nix/store/m3zs1bwx6sl8wsfx2hpy03mwr7vznxqm-texlive-2025-env-texmfdist/tex/lat
ex/unicode-math/unicode-math.sty
Package: unicode-math 2023/08/13 v0.8r Unicode maths in XeLaTeX and LuaLaTeX

(/nix/store/m3zs1bwx6sl8wsfx2hpy03mwr7vznxqm-texlive-2025-env-texmfdist/tex/lat
ex/unicode-math/unicode-math-luatex.sty
Package: unicode-math-luatex 2023/08/13 v0.8r Unicode maths in XeLaTeX and LuaL
aTeX

(/nix/store/m3zs1bwx6sl8wsfx2hpy03mwr7vznxqm-texlive-2025-env-texmfdist/tex/lat
ex/l3packages/l3keys2e/l3keys2e.sty
Package: l3keys2e 2024-08-16 LaTeX2e option processing using LaTeX3 keys
)
(/nix/store/m3zs1bwx6sl8wsfx2hpy03mwr7vznxqm-texlive-2025-env-texmfdist/tex/lat
ex/base/fix-cm.sty
Package: fix-cm 2020/11/24 v1.1t fixes to LaTeX

(/nix/store/m3zs1bwx6sl8wsfx2hpy03mwr7vznxqm-texlive-2025-env-texmfdist/tex/lat
ex/base/ts1enc.def
File: ts1enc.def 2001/06/05 v3.0e (jk/car/fm) Standard LaTeX file
LaTeX Font Info:    Redeclaring font encoding TS1 on input line 47.
LaTeX Encoding Info:    Redeclaring text command \capitalcedilla (encoding TS1)
 on input line 49.
LaTeX Encoding Info:    Redeclaring text command \capitalogonek (encoding TS1) 
on input line 52.
LaTeX Encoding Info:    Redeclaring text command \capitalgrave (encoding TS1) o
n input line 55.
LaTeX Encoding Info:    Redeclaring text command \capitalacute (encoding TS1) o
n input line 56.
LaTeX Encoding Info:    Redeclaring text command \capitalcircumflex (encoding T
S1) on input line 57.
LaTeX Encoding Info:    Redeclaring text command \capitaltilde (encoding TS1) o
n input line 58.
LaTeX Encoding Info:    Redeclaring text command \capitaldieresis (encoding TS1
) on input line 59.
LaTeX Encoding Info:    Redeclaring text command \capitalhungarumlaut (encoding
 TS1) on input line 60.
LaTeX Encoding Info:    Redeclaring text command \capitalring (encoding TS1) on
 input line 61.
LaTeX Encoding Info:    Redeclaring text command \capitalcaron (encoding TS1) o
n input line 62.
LaTeX Encoding Info:    Redeclaring text command \capitalbreve (encoding TS1) o
n input line 63.
LaTeX Encoding Info:    Redeclaring text command \capitalmacron (encoding TS1) 
on input line 64.
LaTeX Encoding Info:    Redeclaring text command \capitaldotaccent (encoding TS
1) on input line 65.
LaTeX Encoding Info:    Redeclaring text command \t (encoding TS1) on input lin
e 66.
LaTeX Encoding Info:    Redeclaring text command \capitaltie (encoding TS1) on 
input line 67.
LaTeX Encoding Info:    Redeclaring text command \newtie (encoding TS1) on inpu
t line 68.
LaTeX Encoding Info:    Redeclaring text command \capitalnewtie (encoding TS1) 
on input line 69.
LaTeX Encoding Info:    Redeclaring text symbol \textcapitalcompwordmark (encod
ing TS1) on input line 70.
LaTeX Encoding Info:    Redeclaring text symbol \textascendercompwordmark (enco
ding TS1) on input line 71.
LaTeX Encoding Info:    Redeclaring text symbol \textquotestraightbase (encodin
g TS1) on input line 72.
LaTeX Encoding Info:    Redeclaring text symbol \textquotestraightdblbase (enco
ding TS1) on input line 73.
LaTeX Encoding Info:    Redeclaring text symbol \texttwelveudash (encoding TS1)
 on input line 74.
LaTeX Encoding Info:    Redeclaring text symbol \textthreequartersemdash (encod
ing TS1) on input line 75.
LaTeX Encoding Info:    Redeclaring text symbol \textleftarrow (encoding TS1) o
n input line 76.
LaTeX Encoding Info:    Redeclaring text symbol \textrightarrow (encoding TS1) 
on input line 77.
LaTeX Encoding Info:    Redeclaring text symbol \textblank (encoding TS1) on in
put line 78.
LaTeX Encoding Info:    Redeclaring text symbol \textdollar (encoding TS1) on i
nput line 79.
LaTeX Encoding Info:    Redeclaring text symbol \textquotesingle (encoding TS1)
 on input line 80.
LaTeX Encoding Info:    Redeclaring text command \textasteriskcentered (encodin
g TS1) on input line 81.
LaTeX Encoding Info:    Redeclaring text symbol \textdblhyphen (encoding TS1) o
n input line 92.
LaTeX Encoding Info:    Redeclaring text symbol \textfractionsolidus (encoding 
TS1) on input line 93.
LaTeX Encoding Info:    Redeclaring text symbol \textzerooldstyle (encoding TS1
) on input line 94.
LaTeX Encoding Info:    Redeclaring text symbol \textoneoldstyle (encoding TS1)
 on input line 95.
LaTeX Encoding Info:    Redeclaring text symbol \texttwooldstyle (encoding TS1)
 on input line 96.
LaTeX Encoding Info:    Redeclaring text symbol \textthreeoldstyle (encoding TS
1) on input line 97.
LaTeX Encoding Info:    Redeclaring text symbol \textfouroldstyle (encoding TS1
) on input line 98.
LaTeX Encoding Info:    Redeclaring text symbol \textfiveoldstyle (encoding TS1
) on input line 99.
LaTeX Encoding Info:    Redeclaring text symbol \textsixoldstyle (encoding TS1)
 on input line 100.
LaTeX Encoding Info:    Redeclaring text symbol \textsevenoldstyle (encoding TS
1) on input line 101.
LaTeX Encoding Info:    Redeclaring text symbol \texteightoldstyle (encoding TS
1) on input line 102.
LaTeX Encoding Info:    Redeclaring text symbol \textnineoldstyle (encoding TS1
) on input line 103.
LaTeX Encoding Info:    Redeclaring text symbol \textlangle (encoding TS1) on i
nput line 104.
LaTeX Encoding Info:    Redeclaring text symbol \textminus (encoding TS1) on in
put line 105.
LaTeX Encoding Info:    Redeclaring text symbol \textrangle (encoding TS1) on i
nput line 106.
LaTeX Encoding Info:    Redeclaring text symbol \textmho (encoding TS1) on inpu
t line 107.
LaTeX Encoding Info:    Redeclaring text symbol \textbigcircle (encoding TS1) o
n input line 108.
LaTeX Encoding Info:    Redeclaring text command \textcircled (encoding TS1) on
 input line 109.
LaTeX Encoding Info:    Redeclaring text symbol \textohm (encoding TS1) on inpu
t line 115.
LaTeX Encoding Info:    Redeclaring text symbol \textlbrackdbl (encoding TS1) o
n input line 116.
LaTeX Encoding Info:    Redeclaring text symbol \textrbrackdbl (encoding TS1) o
n input line 117.
LaTeX Encoding Info:    Redeclaring text symbol \textuparrow (encoding TS1) on 
input line 118.
LaTeX Encoding Info:    Redeclaring text symbol \textdownarrow (encoding TS1) o
n input line 119.
LaTeX Encoding Info:    Redeclaring text symbol \textasciigrave (encoding TS1) 
on input line 120.
LaTeX Encoding Info:    Redeclaring text symbol \textborn (encoding TS1) on inp
ut line 121.
LaTeX Encoding Info:    Redeclaring text symbol \textdivorced (encoding TS1) on
 input line 122.
LaTeX Encoding Info:    Redeclaring text symbol \textdied (encoding TS1) on inp
ut line 123.
LaTeX Encoding Info:    Redeclaring text symbol \textleaf (encoding TS1) on inp
ut line 124.
LaTeX Encoding Info:    Redeclaring text symbol \textmarried (encoding TS1) on 
input line 125.
LaTeX Encoding Info:    Redeclaring text symbol \textmusicalnote (encoding TS1)
 on input line 126.
LaTeX Encoding Info:    Redeclaring text symbol \texttildelow (encoding TS1) on
 input line 127.
LaTeX Encoding Info:    Redeclaring text symbol \textdblhyphenchar (encoding TS
1) on input line 128.
LaTeX Encoding Info:    Redeclaring text symbol \textasciibreve (encoding TS1) 
on input line 129.
LaTeX Encoding Info:    Redeclaring text symbol \textasciicaron (encoding TS1) 
on input line 130.
LaTeX Encoding Info:    Redeclaring text symbol \textacutedbl (encoding TS1) on
 input line 131.
LaTeX Encoding Info:    Redeclaring text symbol \textgravedbl (encoding TS1) on
 input line 132.
LaTeX Encoding Info:    Redeclaring text symbol \textdagger (encoding TS1) on i
nput line 133.
LaTeX Encoding Info:    Redeclaring text symbol \textdaggerdbl (encoding TS1) o
n input line 134.
LaTeX Encoding Info:    Redeclaring text symbol \textbardbl (encoding TS1) on i
nput line 135.
LaTeX Encoding Info:    Redeclaring text symbol \textperthousand (encoding TS1)
 on input line 136.
LaTeX Encoding Info:    Redeclaring text symbol \textbullet (encoding TS1) on i
nput line 137.
LaTeX Encoding Info:    Redeclaring text symbol \textcelsius (encoding TS1) on 
input line 138.
LaTeX Encoding Info:    Redeclaring text symbol \textdollaroldstyle (encoding T
S1) on input line 139.
LaTeX Encoding Info:    Redeclaring text symbol \textcentoldstyle (encoding TS1
) on input line 140.
LaTeX Encoding Info:    Redeclaring text symbol \textflorin (encoding TS1) on i
nput line 141.
LaTeX Encoding Info:    Redeclaring text symbol \textcolonmonetary (encoding TS
1) on input line 142.
LaTeX Encoding Info:    Redeclaring text symbol \textwon (encoding TS1) on inpu
t line 143.
LaTeX Encoding Info:    Redeclaring text symbol \textnaira (encoding TS1) on in
put line 144.
LaTeX Encoding Info:    Redeclaring text symbol \textguarani (encoding TS1) on 
input line 145.
LaTeX Encoding Info:    Redeclaring text symbol \textpeso (encoding TS1) on inp
ut line 146.
LaTeX Encoding Info:    Redeclaring text symbol \textlira (encoding TS1) on inp
ut line 147.
LaTeX Encoding Info:    Redeclaring text symbol \textrecipe (encoding TS1) on i
nput line 148.
LaTeX Encoding Info:    Redeclaring text symbol \textinterrobang (encoding TS1)
 on input line 149.
LaTeX Encoding Info:    Redeclaring text symbol \textinterrobangdown (encoding 
TS1) on input line 150.
LaTeX Encoding Info:    Redeclaring text symbol \textdong (encoding TS1) on inp
ut line 151.
LaTeX Encoding Info:    Redeclaring text symbol \texttrademark (encoding TS1) o
n input line 152.
LaTeX Encoding Info:    Redeclaring text symbol \textpertenthousand (encoding T
S1) on input line 153.
LaTeX Encoding Info:    Redeclaring text symbol \textpilcrow (encoding TS1) on 
input line 154.
LaTeX Encoding Info:    Redeclaring text symbol \textbaht (encoding TS1) on inp
ut line 155.
LaTeX Encoding Info:    Redeclaring text symbol \textnumero (encoding TS1) on i
nput line 156.
LaTeX Encoding Info:    Redeclaring text symbol \textdiscount (encoding TS1) on
 input line 157.
LaTeX Encoding Info:    Redeclaring text symbol \textestimated (encoding TS1) o
n input line 158.
LaTeX Encoding Info:    Redeclaring text symbol \textopenbullet (encoding TS1) 
on input line 159.
LaTeX Encoding Info:    Redeclaring text symbol \textservicemark (encoding TS1)
 on input line 160.
LaTeX Encoding Info:    Redeclaring text symbol \textlquill (encoding TS1) on i
nput line 161.
LaTeX Encoding Info:    Redeclaring text symbol \textrquill (encoding TS1) on i
nput line 162.
LaTeX Encoding Info:    Redeclaring text symbol \textcent (encoding TS1) on inp
ut line 163.
LaTeX Encoding Info:    Redeclaring text symbol \textsterling (encoding TS1) on
 input line 164.
LaTeX Encoding Info:    Redeclaring text symbol \textcurrency (encoding TS1) on
 input line 165.
LaTeX Encoding Info:    Redeclaring text symbol \textyen (encoding TS1) on inpu
t line 166.
LaTeX Encoding Info:    Redeclaring text symbol \textbrokenbar (encoding TS1) o
n input line 167.
LaTeX Encoding Info:    Redeclaring text symbol \textsection (encoding TS1) on 
input line 168.
LaTeX Encoding Info:    Redeclaring text symbol \textasciidieresis (encoding TS
1) on input line 169.
LaTeX Encoding Info:    Redeclaring text symbol \textcopyright (encoding TS1) o
n input line 170.
LaTeX Encoding Info:    Redeclaring text symbol \textordfeminine (encoding TS1)
 on input line 171.
LaTeX Encoding Info:    Redeclaring text symbol \textcopyleft (encoding TS1) on
 input line 172.
LaTeX Encoding Info:    Redeclaring text symbol \textlnot (encoding TS1) on inp
ut line 173.
LaTeX Encoding Info:    Redeclaring text symbol \textcircledP (encoding TS1) on
 input line 174.
LaTeX Encoding Info:    Redeclaring text symbol \textregistered (encoding TS1) 
on input line 175.
LaTeX Encoding Info:    Redeclaring text symbol \textasciimacron (encoding TS1)
 on input line 176.
LaTeX Encoding Info:    Redeclaring text symbol \textdegree (encoding TS1) on i
nput line 177.
LaTeX Encoding Info:    Redeclaring text symbol \textpm (encoding TS1) on input
 line 178.
LaTeX Encoding Info:    Redeclaring text symbol \texttwosuperior (encoding TS1)
 on input line 179.
LaTeX Encoding Info:    Redeclaring text symbol \textthreesuperior (encoding TS
1) on input line 180.
LaTeX Encoding Info:    Redeclaring text symbol \textasciiacute (encoding TS1) 
on input line 181.
LaTeX Encoding Info:    Redeclaring text symbol \textmu (encoding TS1) on input
 line 182.
LaTeX Encoding Info:    Redeclaring text symbol \textparagraph (encoding TS1) o
n input line 183.
LaTeX Encoding Info:    Redeclaring text symbol \textperiodcentered (encoding T
S1) on input line 184.
LaTeX Encoding Info:    Redeclaring text symbol \textreferencemark (encoding TS
1) on input line 185.
LaTeX Encoding Info:    Redeclaring text symbol \textonesuperior (encoding TS1)
 on input line 186.
LaTeX Encoding Info:    Redeclaring text symbol \textordmasculine (encoding TS1
) on input line 187.
LaTeX Encoding Info:    Redeclaring text symbol \textsurd (encoding TS1) on inp
ut line 188.
LaTeX Encoding Info:    Redeclaring text symbol \textonequarter (encoding TS1) 
on input line 189.
LaTeX Encoding Info:    Redeclaring text symbol \textonehalf (encoding TS1) on 
input line 190.
LaTeX Encoding Info:    Redeclaring text symbol \textthreequarters (encoding TS
1) on input line 191.
LaTeX Encoding Info:    Redeclaring text symbol \texteuro (encoding TS1) on inp
ut line 192.
LaTeX Encoding Info:    Redeclaring text symbol \texttimes (encoding TS1) on in
put line 193.
LaTeX Encoding Info:    Redeclaring text symbol \textdiv (encoding TS1) on inpu
t line 194.
))
(/nix/store/m3zs1bwx6sl8wsfx2hpy03mwr7vznxqm-texlive-2025-env-texmfdist/tex/lua
latex/lualatex-math/lualatex-math.sty
Package: lualatex-math 2022/01/01 v1.12 Patches for mathematics typesetting wit
h LuaLaTeX
Lua module: lualatex-math 2013/08/03 v1.3 Patches for mathematics typesetting wi
th LuaLaTeX)
\g__um_fam_int=\count403
\g__um_fonts_used_int=\count404
\l__um_primecount_int=\count405
\g__um_primekern_muskip=\muskip19

(/nix/store/m3zs1bwx6sl8wsfx2hpy03mwr7vznxqm-texlive-2025-env-texmfdist/tex/lat
ex/unicode-math/unicode-math-table.tex)))
(/nix/store/m3zs1bwx6sl8wsfx2hpy03mwr7vznxqm-texlive-2025-env-texmfdist/tex/lat
ex/autobreak/autobreak.sty
Package: autobreak 2017/02/23 v0.3 simple line breaking of long formulae
\everybeforeautobreak=\toks58
\everyafterautobreak=\toks59
\@autobreak@alltoks=\toks60
\@autobreak@linetoks=\toks61
\@autobreak@lhswidth=\dimen380
\@autobreak@rhswidth=\dimen381
\@autobreak@maxlhswidth=\dimen382
\@autobreak@realmaxlhswidth=\dimen383
\@autobreak@maxrhswidth=\dimen384
\c@@autobreak@eqnindex=\count406
\c@@autobreak@subeqnindex=\count407

(/nix/store/m3zs1bwx6sl8wsfx2hpy03mwr7vznxqm-texlive-2025-env-texmfdist/tex/gen
eric/catchfile/catchfile.sty
Package: catchfile 2019/12/09 v1.8 Catch the contents of a file (HO)

(/nix/store/m3zs1bwx6sl8wsfx2hpy03mwr7vznxqm-texlive-2025-env-texmfdist/tex/gen
eric/etexcmds/etexcmds.sty
Package: etexcmds 2019/12/15 v1.7 Avoid name clashes with e-TeX commands (HO)
)))
\c@definition=\count408
\@float@every@table=\toks62
) (./theoretical.aux)
\openout1 = theoretical.aux

LaTeX Font Info:    Checking defaults for OML/cmm/m/it on input line 3.
LaTeX Font Info:    ... okay on input line 3.
LaTeX Font Info:    Checking defaults for OMS/cmsy/m/n on input line 3.
LaTeX Font Info:    ... okay on input line 3.
LaTeX Font Info:    Checking defaults for OT1/cmr/m/n on input line 3.
LaTeX Font Info:    ... okay on input line 3.
LaTeX Font Info:    Checking defaults for T1/cmr/m/n on input line 3.
LaTeX Font Info:    ... okay on input line 3.
LaTeX Font Info:    Checking defaults for TS1/cmr/m/n on input line 3.
LaTeX Font Info:    ... okay on input line 3.
LaTeX Font Info:    Checking defaults for TU/lmr/m/n on input line 3.
LaTeX Font Info:    ... okay on input line 3.
LaTeX Font Info:    Checking defaults for OMX/cmex/m/n on input line 3.
LaTeX Font Info:    ... okay on input line 3.
LaTeX Font Info:    Checking defaults for U/cmr/m/n on input line 3.
LaTeX Font Info:    ... okay on input line 3.
LaTeX Font Info:    Checking defaults for PD1/pdf/m/n on input line 3.
LaTeX Font Info:    ... okay on input line 3.
LaTeX Font Info:    Checking defaults for PU/pdf/m/n on input line 3.
LaTeX Font Info:    ... okay on input line 3.

(/nix/store/m3zs1bwx6sl8wsfx2hpy03mwr7vznxqm-texlive-2025-env-texmfdist/tex/con
text/base/mkii/supp-pdf.mkii
[Loading MPS to PDF converter (version 2006.09.02).]
\scratchcounter=\count409
\scratchdimen=\dimen385
\scratchbox=\box132
\nofMPsegments=\count410
\nofMParguments=\count411
\everyMPshowfont=\toks63
\MPscratchCnt=\count412
\MPscratchDim=\dimen386
\MPnumerator=\count413
\makeMPintoPDFobject=\count414
\everyMPtoPDFconversion=\toks64
)
(/nix/store/m3zs1bwx6sl8wsfx2hpy03mwr7vznxqm-texlive-2025-env-texmfdist/tex/lat
ex/epstopdf-pkg/epstopdf-base.sty
Package: epstopdf-base 2020-01-24 v2.11 Base part for package epstopdf
Package epstopdf-base Info: Redefining graphics rule for `.eps' on input line 4
85.

(/nix/store/m3zs1bwx6sl8wsfx2hpy03mwr7vznxqm-texlive-2025-env-texmfdist/tex/lat
ex/latexconfig/epstopdf-sys.cfg
File: epstopdf-sys.cfg 2010/07/13 v1.3 Configuration of (r)epstopdf for TeX Liv
e
))
*geometry* driver: auto-detecting
*geometry* detected driver: luatex
*geometry* verbose mode - [ preamble ] result:
* driver: luatex
* paper: a4paper
* layout: <same size as paper>
* layoutoffset:(h,v)=(0.0pt,0.0pt)
* modes: landscape 
* h-part:(L,W,R)=(57.81621pt, 729.41443pt, 57.81621pt)
* v-part:(T,H,B)=(57.81621pt, 481.87546pt, 57.81621pt)
* \paperwidth=845.04684pt
* \paperheight=597.50787pt
* \textwidth=729.41443pt
* \textheight=481.87546pt
* \oddsidemargin=-14.45378pt
* \evensidemargin=-14.45378pt
* \topmargin=-51.45378pt
* \headheight=12.0pt
* \headsep=25.0pt
* \topskip=10.0pt
* \footskip=30.0pt
* \marginparwidth=65.0pt
* \marginparsep=11.0pt
* \columnsep=30.0pt
* \skip\footins=9.0pt plus 4.0pt minus 2.0pt
* \hoffset=0.0pt
* \voffset=0.0pt
* \mag=1000
* \@twocolumnfalse
* \@twosidefalse
* \@mparswitchfalse
* \@reversemarginfalse
* (1in=72.27pt=25.4mm, 1cm=28.453pt)

Package caption Info: Begin \AtBeginDocument code.
Package caption Info: hyperref package is loaded.
Package caption Info: End \AtBeginDocument code.
Package hyperref Info: Link coloring OFF on input line 3.
(./theoretical.out) (./theoretical.out)
\@outlinefile=\write4

\openout4 = theoretical.out

Package pgfplots notification 'compat/show suggested version=true': document ha
s been generated with the most recent feature set (\pgfplotsset{compat=1.18}).

LaTeX Font Info:    Overwriting math alphabet `\mathrm' in version `normal'
(Font)                  OT1/cmr/m/n --> TU/lmr/m/n on input line 3.
LaTeX Font Info:    Overwriting math alphabet `\mathit' in version `normal'
(Font)                  OT1/cmr/m/it --> TU/lmr/m/it on input line 3.
LaTeX Font Info:    Overwriting math alphabet `\mathbf' in version `normal'
(Font)                  OT1/cmr/bx/n --> TU/lmr/bx/n on input line 3.
LaTeX Font Info:    Overwriting math alphabet `\mathsf' in version `normal'
(Font)                  OT1/cmss/m/n --> TU/lmss/m/n on input line 3.
LaTeX Font Info:    Overwriting math alphabet `\mathsf' in version `bold'
(Font)                  OT1/cmss/bx/n --> TU/lmss/bx/n on input line 3.
LaTeX Font Info:    Overwriting math alphabet `\mathtt' in version `normal'
(Font)                  OT1/cmtt/m/n --> TU/lmtt/m/n on input line 3.
LaTeX Font Info:    Overwriting math alphabet `\mathtt' in version `bold'
(Font)                  OT1/cmtt/m/n --> TU/lmtt/bx/n on input line 3.

Package fontspec Info: 
(fontspec)             Font family 'latinmodern-math.otf(0)' created for font
(fontspec)             'latinmodern-math.otf' with options
(fontspec)             [Renderer=Basic,BoldItalicFont={},ItalicFont={},SmallCap
sFont={},Script=Math,RawFeature={mathfontdimen=xetex},BoldFont={latinmodern-mat
h.otf}].
(fontspec)              
(fontspec)              This font family consists of the following NFSS
(fontspec)             series/shapes:
(fontspec)              
(fontspec)             - 'normal' (m/n) with NFSS spec.:
(fontspec)             <->"[latinmodern-math.otf]:mode=base;script=math;languag
e=dflt;mathfontdimen=xetex;"
(fontspec)             - 'bold' (b/n) with NFSS spec.:
(fontspec)             <->"[latinmodern-math.otf]:mode=base;script=math;languag
e=dflt;mathfontdimen=xetex;"


Package fontspec Info: 
(fontspec)             Font family 'latinmodern-math.otf(1)' created for font
(fontspec)             'latinmodern-math.otf' with options
(fontspec)             [Renderer=Basic,BoldItalicFont={},ItalicFont={},SmallCap
sFont={},Script=Math,SizeFeatures={{Size=8.5-},{Size=6-8.5,Font=latinmodern-mat
h.otf,Style=MathScript},{Size=-6,Font=latinmodern-math.otf,Style=MathScriptScri
pt}},RawFeature={mathfontdimen=xetex},BoldFont={latinmodern-math.otf}].
(fontspec)              
(fontspec)              This font family consists of the following NFSS
(fontspec)             series/shapes:
(fontspec)              
(fontspec)             - 'normal' (m/n) with NFSS spec.:
(fontspec)             <8.5->"[latinmodern-math.otf]:mode=base;script=math;lang
uage=dflt;mathfontdimen=xetex;"<6-8.5>"[latinmodern-math.otf]:mode=base;script=
math;language=dflt;mathfontdimen=xetex;+ssty=0;"<-6>"[latinmodern-math.otf]:mod
e=base;script=math;language=dflt;mathfontdimen=xetex;+ssty=1;"
(fontspec)             - 'bold' (b/n) with NFSS spec.:
(fontspec)             <->"[latinmodern-math.otf]:mode=base;script=math;languag
e=dflt;mathfontdimen=xetex;"

LaTeX Font Info:    Encoding `OT1' has changed to `TU' for symbol font
(Font)              `operators' in the math version `normal' on input line 3.
LaTeX Font Info:    Overwriting symbol font `operators' in version `normal'
(Font)                  OT1/cmr/m/n --> TU/latinmodern-math.otf(1)/m/n on input
 line 3.
LaTeX Font Info:    Encoding `OT1' has changed to `TU' for symbol font
(Font)              `operators' in the math version `bold' on input line 3.
LaTeX Font Info:    Overwriting symbol font `operators' in version `bold'
(Font)                  OT1/cmr/bx/n --> TU/latinmodern-math.otf(1)/b/n on inpu
t line 3.

Package fontspec Info: 
(fontspec)             Font family 'latinmodern-math.otf(2)' created for font
(fontspec)             'latinmodern-math.otf' with options
(fontspec)             [Renderer=Basic,BoldItalicFont={},ItalicFont={},SmallCap
sFont={},Script=Math,SizeFeatures={{Size=8.5-},{Size=6-8.5,Font=latinmodern-mat
h.otf,Style=MathScript},{Size=-6,Font=latinmodern-math.otf,Style=MathScriptScri
pt}},RawFeature={mathfontdimen=xetex},BoldFont={latinmodern-math.otf},RawFeatur
e={mathfontdimen=tex2}].
(fontspec)              
(fontspec)              This font family consists of the following NFSS
(fontspec)             series/shapes:
(fontspec)              
(fontspec)             - 'normal' (m/n) with NFSS spec.:
(fontspec)             <8.5->"[latinmodern-math.otf]:mode=base;script=math;lang
uage=dflt;mathfontdimen=xetex;mathfontdimen=tex2;"<6-8.5>"[latinmodern-math.otf
]:mode=base;script=math;language=dflt;mathfontdimen=xetex;mathfontdimen=tex2;+s
sty=0;"<-6>"[latinmodern-math.otf]:mode=base;script=math;language=dflt;mathfont
dimen=xetex;mathfontdimen=tex2;+ssty=1;"
(fontspec)             - 'bold' (b/n) with NFSS spec.:
(fontspec)             <->"[latinmodern-math.otf]:mode=base;script=math;languag
e=dflt;mathfontdimen=xetex;mathfontdimen=tex2;"

LaTeX Font Info:    Encoding `OMS' has changed to `TU' for symbol font
(Font)              `symbols' in the math version `normal' on input line 3.
LaTeX Font Info:    Overwriting symbol font `symbols' in version `normal'
(Font)                  OMS/cmsy/m/n --> TU/latinmodern-math.otf(2)/m/n on inpu
t line 3.
LaTeX Font Info:    Encoding `OMS' has changed to `TU' for symbol font
(Font)              `symbols' in the math version `bold' on input line 3.
LaTeX Font Info:    Overwriting symbol font `symbols' in version `bold'
(Font)                  OMS/cmsy/b/n --> TU/latinmodern-math.otf(2)/b/n on inpu
t line 3.

Package fontspec Info: 
(fontspec)             Font family 'latinmodern-math.otf(3)' created for font
(fontspec)             'latinmodern-math.otf' with options
(fontspec)             [Renderer=Basic,BoldItalicFont={},ItalicFont={},SmallCap
sFont={},Script=Math,SizeFeatures={{Size=8.5-},{Size=6-8.5,Font=latinmodern-mat
h.otf,Style=MathScript},{Size=-6,Font=latinmodern-math.otf,Style=MathScriptScri
pt}},RawFeature={mathfontdimen=xetex},BoldFont={latinmodern-math.otf},RawFeatur
e={mathfontdimen=tex3}].
(fontspec)              
(fontspec)              This font family consists of the following NFSS
(fontspec)             series/shapes:
(fontspec)              
(fontspec)             - 'normal' (m/n) with NFSS spec.:
(fontspec)             <8.5->"[latinmodern-math.otf]:mode=base;script=math;lang
uage=dflt;mathfontdimen=xetex;mathfontdimen=tex3;"<6-8.5>"[latinmodern-math.otf
]:mode=base;script=math;language=dflt;mathfontdimen=xetex;mathfontdimen=tex3;+s
sty=0;"<-6>"[latinmodern-math.otf]:mode=base;script=math;language=dflt;mathfont
dimen=xetex;mathfontdimen=tex3;+ssty=1;"
(fontspec)             - 'bold' (b/n) with NFSS spec.:
(fontspec)             <->"[latinmodern-math.otf]:mode=base;script=math;languag
e=dflt;mathfontdimen=xetex;mathfontdimen=tex3;"

LaTeX Font Info:    Encoding `OMX' has changed to `TU' for symbol font
(Font)              `largesymbols' in the math version `normal' on input line 3
.
LaTeX Font Info:    Overwriting symbol font `largesymbols' in version `normal'
(Font)                  OMX/cmex/m/n --> TU/latinmodern-math.otf(3)/m/n on inpu
t line 3.
LaTeX Font Info:    Encoding `OMX' has changed to `TU' for symbol font
(Font)              `largesymbols' in the math version `bold' on input line 3.
LaTeX Font Info:    Overwriting symbol font `largesymbols' in version `bold'
(Font)                  OMX/cmex/m/n --> TU/latinmodern-math.otf(3)/b/n on inpu
t line 3.
LaTeX Font Info:    Trying to load font information for U+msa on input line 3.

(/nix/store/m3zs1bwx6sl8wsfx2hpy03mwr7vznxqm-texlive-2025-env-texmfdist/tex/lat
ex/amsfonts/umsa.fd
File: umsa.fd 2013/01/14 v3.01 AMS symbols A
)
LaTeX Font Info:    Trying to load font information for U+msb on input line 3.

(/nix/store/m3zs1bwx6sl8wsfx2hpy03mwr7vznxqm-texlive-2025-env-texmfdist/tex/lat
ex/amsfonts/umsb.fd
File: umsb.fd 2013/01/14 v3.01 AMS symbols B
)

Package unicode-math Warning: Using \overbracket and \underbracket from
(unicode-math)                `mathtools' package.
(unicode-math)                 
(unicode-math)                 Use \Uoverbracket and \Uunderbracket for
(unicode-math)                original `unicode-math' definition.


Package unicode-math Warning: I'm going to overwrite the following commands
(unicode-math)                from the `mathtools' package: 
(unicode-math)                 
(unicode-math)                     \dblcolon, \coloneqq, \Coloneqq, \eqqcolon.
(unicode-math)                
(unicode-math)                 
(unicode-math)                 Note that since I won't overwrite the other
(unicode-math)                colon-like commands, using them will lead to
(unicode-math)                inconsistencies.



[1

{/nix/store/32ygf6acv9c03m71g6nwcls0814yv8r4-texlive-2025-env/share/texmf-var/fo
nts/map/pdftex/updmap/pdftex.map}] (./theoretical.toc





[2]





[3])
\tf@toc=\write5

\openout5 = theoretical.toc
 (./content/combinatorics/main.tex
(./content/combinatorics/binomial_coefficient_and_pascal_triangle.tex

Package hyperref Warning: Token not allowed in a PDF string (Unicode):
(hyperref)                removing `math shift' on input line 29.


Package hyperref Warning: Token not allowed in a PDF string (Unicode):
(hyperref)                removing `math shift' on input line 29.


Package hyperref Warning: Token not allowed in a PDF string (Unicode):
(hyperref)                removing `math shift' on input line 33.


Package hyperref Warning: Token not allowed in a PDF string (Unicode):
(hyperref)                removing `math shift' on input line 33.







[4]

Package hyperref Warning: Token not allowed in a PDF string (Unicode):
(hyperref)                removing `math shift' on input line 39.


Package hyperref Warning: Token not allowed in a PDF string (Unicode):
(hyperref)                removing `math shift' on input line 39.


Package hyperref Warning: Token not allowed in a PDF string (Unicode):
(hyperref)                removing `math shift' on input line 39.


Package hyperref Warning: Token not allowed in a PDF string (Unicode):
(hyperref)                removing `math shift' on input line 39.

<media/pascal-triangle.jpeg, id=929, 770.88pt x 596.2275pt>
File: media/pascal-triangle.jpeg Graphic file (type jpg)
<use media/pascal-triangle.jpeg>
Package luatex.def Info: media/pascal-triangle.jpeg  used on input line 63.
(luatex.def)             Requested size: 259.555pt x 200.74768pt.

Package multicol Warning: Floats and marginpars not allowed inside `multicols' 
environment!.


Package multicol Warning: Floats and marginpars not allowed inside `multicols' 
environment!.


Package hyperref Warning: Token not allowed in a PDF string (Unicode):
(hyperref)                removing `math shift' on input line 75.


Package hyperref Warning: Token not allowed in a PDF string (Unicode):
(hyperref)                removing `\delimitershortfall' on input line 75.


Package hyperref Warning: Token not allowed in a PDF string (Unicode):
(hyperref)                removing `\z@' on input line 75.


Package hyperref Warning: Token not allowed in a PDF string (Unicode):
(hyperref)                removing `\delimiterfactor' on input line 75.


Package hyperref Warning: Token not allowed in a PDF string (Unicode):
(hyperref)                removing `\@m' on input line 75.


Package hyperref Warning: Token not allowed in a PDF string (Unicode):
(hyperref)                removing `\mathsurround' on input line 75.


Package hyperref Warning: Token not allowed in a PDF string (Unicode):
(hyperref)                removing `\z@' on input line 75.


Package hyperref Warning: Token not allowed in a PDF string (Unicode):
(hyperref)                removing `\nulldelimiterspace' on input line 75.


Package hyperref Warning: Token not allowed in a PDF string (Unicode):
(hyperref)                removing `\z@' on input line 75.


Package hyperref Warning: Token not allowed in a PDF string (Unicode):
(hyperref)                removing `\mathchoice' on input line 75.


Package hyperref Warning: Token not allowed in a PDF string (Unicode):
(hyperref)                removing `\hbox' on input line 75.


Package hyperref Warning: Token not allowed in a PDF string (Unicode):
(hyperref)                removing `math shift' on input line 75.


Package hyperref Warning: Token not allowed in a PDF string (Unicode):
(hyperref)                removing `\left' on input line 75.


Package hyperref Warning: Token not allowed in a PDF string (Unicode):
(hyperref)                removing `\vcenter' on input line 75.


Package hyperref Warning: Token not allowed in a PDF string (Unicode):
(hyperref)                removing `\hrule' on input line 75.


Package hyperref Warning: Token not allowed in a PDF string (Unicode):
(hyperref)                removing `\z@' on input line 75.


Package hyperref Warning: Token not allowed in a PDF string (Unicode):
(hyperref)                removing `\Umathfractiondelsize' on input line 75.


Package hyperref Warning: Token not allowed in a PDF string (Unicode):
(hyperref)                removing `\displaystyle' on input line 75.


Package hyperref Warning: Token not allowed in a PDF string (Unicode):
(hyperref)                removing `\right' on input line 75.


Package hyperref Warning: Token not allowed in a PDF string (Unicode):
(hyperref)                removing `math shift' on input line 75.


Package hyperref Warning: Token not allowed in a PDF string (Unicode):
(hyperref)                removing `\hbox' on input line 75.


Package hyperref Warning: Token not allowed in a PDF string (Unicode):
(hyperref)                removing `math shift' on input line 75.


Package hyperref Warning: Token not allowed in a PDF string (Unicode):
(hyperref)                removing `\left' on input line 75.


Package hyperref Warning: Token not allowed in a PDF string (Unicode):
(hyperref)                removing `\vcenter' on input line 75.


Package hyperref Warning: Token not allowed in a PDF string (Unicode):
(hyperref)                removing `\hrule' on input line 75.


Package hyperref Warning: Token not allowed in a PDF string (Unicode):
(hyperref)                removing `\z@' on input line 75.


Package hyperref Warning: Token not allowed in a PDF string (Unicode):
(hyperref)                removing `\Umathfractiondelsize' on input line 75.


Package hyperref Warning: Token not allowed in a PDF string (Unicode):
(hyperref)                removing `\textstyle' on input line 75.


Package hyperref Warning: Token not allowed in a PDF string (Unicode):
(hyperref)                removing `\right' on input line 75.


Package hyperref Warning: Token not allowed in a PDF string (Unicode):
(hyperref)                removing `math shift' on input line 75.


Package hyperref Warning: Token not allowed in a PDF string (Unicode):
(hyperref)                removing `\hbox' on input line 75.


Package hyperref Warning: Token not allowed in a PDF string (Unicode):
(hyperref)                removing `math shift' on input line 75.


Package hyperref Warning: Token not allowed in a PDF string (Unicode):
(hyperref)                removing `\left' on input line 75.


Package hyperref Warning: Token not allowed in a PDF string (Unicode):
(hyperref)                removing `\vcenter' on input line 75.


Package hyperref Warning: Token not allowed in a PDF string (Unicode):
(hyperref)                removing `\hrule' on input line 75.


Package hyperref Warning: Token not allowed in a PDF string (Unicode):
(hyperref)                removing `\z@' on input line 75.


Package hyperref Warning: Token not allowed in a PDF string (Unicode):
(hyperref)                removing `\Umathfractiondelsize' on input line 75.


Package hyperref Warning: Token not allowed in a PDF string (Unicode):
(hyperref)                removing `\scriptstyle' on input line 75.


Package hyperref Warning: Token not allowed in a PDF string (Unicode):
(hyperref)                removing `\right' on input line 75.


Package hyperref Warning: Token not allowed in a PDF string (Unicode):
(hyperref)                removing `math shift' on input line 75.


Package hyperref Warning: Token not allowed in a PDF string (Unicode):
(hyperref)                removing `\hbox' on input line 75.


Package hyperref Warning: Token not allowed in a PDF string (Unicode):
(hyperref)                removing `math shift' on input line 75.


Package hyperref Warning: Token not allowed in a PDF string (Unicode):
(hyperref)                removing `\left' on input line 75.


Package hyperref Warning: Token not allowed in a PDF string (Unicode):
(hyperref)                removing `\vcenter' on input line 75.


Package hyperref Warning: Token not allowed in a PDF string (Unicode):
(hyperref)                removing `\hrule' on input line 75.


Package hyperref Warning: Token not allowed in a PDF string (Unicode):
(hyperref)                removing `\z@' on input line 75.


Package hyperref Warning: Token not allowed in a PDF string (Unicode):
(hyperref)                removing `\Umathfractiondelsize' on input line 75.


Package hyperref Warning: Token not allowed in a PDF string (Unicode):
(hyperref)                removing `\scriptscriptstyle' on input line 75.


Package hyperref Warning: Token not allowed in a PDF string (Unicode):
(hyperref)                removing `\right' on input line 75.


Package hyperref Warning: Token not allowed in a PDF string (Unicode):
(hyperref)                removing `math shift' on input line 75.


Package hyperref Warning: Token not allowed in a PDF string (Unicode):
(hyperref)                \kern -1.2pt
(hyperref)                removed on input line 75.


Package hyperref Warning: Token not allowed in a PDF string (Unicode):
(hyperref)                removing `\Ustack' on input line 75.


Package hyperref Warning: Token not allowed in a PDF string (Unicode):
(hyperref)                removing `\begingroup' on input line 75.


Package hyperref Warning: Token not allowed in a PDF string (Unicode):
(hyperref)                removing `\endgroup' on input line 75.


Package hyperref Warning: Token not allowed in a PDF string (Unicode):
(hyperref)                removing `\@@above' on input line 75.


Package hyperref Warning: Token not allowed in a PDF string (Unicode):
(hyperref)                removing `\z@' on input line 75.


Package hyperref Warning: Token not allowed in a PDF string (Unicode):
(hyperref)                \kern -1.2pt
(hyperref)                removed on input line 75.


Package hyperref Warning: Token not allowed in a PDF string (Unicode):
(hyperref)                removing `\delimitershortfall' on input line 75.


Package hyperref Warning: Token not allowed in a PDF string (Unicode):
(hyperref)                removing `\z@' on input line 75.


Package hyperref Warning: Token not allowed in a PDF string (Unicode):
(hyperref)                removing `\delimiterfactor' on input line 75.


Package hyperref Warning: Token not allowed in a PDF string (Unicode):
(hyperref)                removing `\@m' on input line 75.


Package hyperref Warning: Token not allowed in a PDF string (Unicode):
(hyperref)                removing `\mathsurround' on input line 75.


Package hyperref Warning: Token not allowed in a PDF string (Unicode):
(hyperref)                removing `\z@' on input line 75.


Package hyperref Warning: Token not allowed in a PDF string (Unicode):
(hyperref)                removing `\nulldelimiterspace' on input line 75.


Package hyperref Warning: Token not allowed in a PDF string (Unicode):
(hyperref)                removing `\z@' on input line 75.


Package hyperref Warning: Token not allowed in a PDF string (Unicode):
(hyperref)                removing `\mathchoice' on input line 75.


Package hyperref Warning: Token not allowed in a PDF string (Unicode):
(hyperref)                removing `\hbox' on input line 75.


Package hyperref Warning: Token not allowed in a PDF string (Unicode):
(hyperref)                removing `math shift' on input line 75.


Package hyperref Warning: Token not allowed in a PDF string (Unicode):
(hyperref)                removing `\left' on input line 75.


Package hyperref Warning: Token not allowed in a PDF string (Unicode):
(hyperref)                removing `\vcenter' on input line 75.


Package hyperref Warning: Token not allowed in a PDF string (Unicode):
(hyperref)                removing `\hrule' on input line 75.


Package hyperref Warning: Token not allowed in a PDF string (Unicode):
(hyperref)                removing `\z@' on input line 75.


Package hyperref Warning: Token not allowed in a PDF string (Unicode):
(hyperref)                removing `\Umathfractiondelsize' on input line 75.


Package hyperref Warning: Token not allowed in a PDF string (Unicode):
(hyperref)                removing `\displaystyle' on input line 75.


Package hyperref Warning: Token not allowed in a PDF string (Unicode):
(hyperref)                removing `\right' on input line 75.


Package hyperref Warning: Token not allowed in a PDF string (Unicode):
(hyperref)                removing `math shift' on input line 75.


Package hyperref Warning: Token not allowed in a PDF string (Unicode):
(hyperref)                removing `\hbox' on input line 75.


Package hyperref Warning: Token not allowed in a PDF string (Unicode):
(hyperref)                removing `math shift' on input line 75.


Package hyperref Warning: Token not allowed in a PDF string (Unicode):
(hyperref)                removing `\left' on input line 75.


Package hyperref Warning: Token not allowed in a PDF string (Unicode):
(hyperref)                removing `\vcenter' on input line 75.


Package hyperref Warning: Token not allowed in a PDF string (Unicode):
(hyperref)                removing `\hrule' on input line 75.


Package hyperref Warning: Token not allowed in a PDF string (Unicode):
(hyperref)                removing `\z@' on input line 75.


Package hyperref Warning: Token not allowed in a PDF string (Unicode):
(hyperref)                removing `\Umathfractiondelsize' on input line 75.


Package hyperref Warning: Token not allowed in a PDF string (Unicode):
(hyperref)                removing `\textstyle' on input line 75.


Package hyperref Warning: Token not allowed in a PDF string (Unicode):
(hyperref)                removing `\right' on input line 75.


Package hyperref Warning: Token not allowed in a PDF string (Unicode):
(hyperref)                removing `math shift' on input line 75.


Package hyperref Warning: Token not allowed in a PDF string (Unicode):
(hyperref)                removing `\hbox' on input line 75.


Package hyperref Warning: Token not allowed in a PDF string (Unicode):
(hyperref)                removing `math shift' on input line 75.


Package hyperref Warning: Token not allowed in a PDF string (Unicode):
(hyperref)                removing `\left' on input line 75.


Package hyperref Warning: Token not allowed in a PDF string (Unicode):
(hyperref)                removing `\vcenter' on input line 75.


Package hyperref Warning: Token not allowed in a PDF string (Unicode):
(hyperref)                removing `\hrule' on input line 75.


Package hyperref Warning: Token not allowed in a PDF string (Unicode):
(hyperref)                removing `\z@' on input line 75.


Package hyperref Warning: Token not allowed in a PDF string (Unicode):
(hyperref)                removing `\Umathfractiondelsize' on input line 75.


Package hyperref Warning: Token not allowed in a PDF string (Unicode):
(hyperref)                removing `\scriptstyle' on input line 75.


Package hyperref Warning: Token not allowed in a PDF string (Unicode):
(hyperref)                removing `\right' on input line 75.


Package hyperref Warning: Token not allowed in a PDF string (Unicode):
(hyperref)                removing `math shift' on input line 75.


Package hyperref Warning: Token not allowed in a PDF string (Unicode):
(hyperref)                removing `\hbox' on input line 75.


Package hyperref Warning: Token not allowed in a PDF string (Unicode):
(hyperref)                removing `math shift' on input line 75.


Package hyperref Warning: Token not allowed in a PDF string (Unicode):
(hyperref)                removing `\left' on input line 75.


Package hyperref Warning: Token not allowed in a PDF string (Unicode):
(hyperref)                removing `\vcenter' on input line 75.


Package hyperref Warning: Token not allowed in a PDF string (Unicode):
(hyperref)                removing `\hrule' on input line 75.


Package hyperref Warning: Token not allowed in a PDF string (Unicode):
(hyperref)                removing `\z@' on input line 75.


Package hyperref Warning: Token not allowed in a PDF string (Unicode):
(hyperref)                removing `\Umathfractiondelsize' on input line 75.


Package hyperref Warning: Token not allowed in a PDF string (Unicode):
(hyperref)                removing `\scriptscriptstyle' on input line 75.


Package hyperref Warning: Token not allowed in a PDF string (Unicode):
(hyperref)                removing `\right' on input line 75.


Package hyperref Warning: Token not allowed in a PDF string (Unicode):
(hyperref)                removing `math shift' on input line 75.


Package hyperref Warning: Token not allowed in a PDF string (Unicode):
(hyperref)                removing `math shift' on input line 75.

) (./content/combinatorics/partition.tex





[5]

Package multicol Warning: Floats and marginpars not allowed inside `multicols' 
environment!.


Package multicol Warning: Floats and marginpars not allowed inside `multicols' 
environment!.

) (./content/combinatorics/4_distributions.tex

Package hyperref Warning: Token not allowed in a PDF string (Unicode):
(hyperref)                removing `math shift' on input line 3.


Package hyperref Warning: Token not allowed in a PDF string (Unicode):
(hyperref)                removing `math shift' on input line 3.


Package hyperref Warning: Token not allowed in a PDF string (Unicode):
(hyperref)                removing `math shift' on input line 3.


Package hyperref Warning: Token not allowed in a PDF string (Unicode):
(hyperref)                removing `math shift' on input line 3.


Package hyperref Warning: Token not allowed in a PDF string (Unicode):
(hyperref)                removing `math shift' on input line 11.


Package hyperref Warning: Token not allowed in a PDF string (Unicode):
(hyperref)                removing `math shift' on input line 11.


Package hyperref Warning: Token not allowed in a PDF string (Unicode):
(hyperref)                removing `math shift' on input line 11.


Package hyperref Warning: Token not allowed in a PDF string (Unicode):
(hyperref)                removing `math shift' on input line 11.


Package hyperref Warning: Token not allowed in a PDF string (Unicode):
(hyperref)                removing `math shift' on input line 36.


Package hyperref Warning: Token not allowed in a PDF string (Unicode):
(hyperref)                removing `math shift' on input line 36.


Package hyperref Warning: Token not allowed in a PDF string (Unicode):
(hyperref)                removing `math shift' on input line 36.


Package hyperref Warning: Token not allowed in a PDF string (Unicode):
(hyperref)                removing `math shift' on input line 36.


Package multicol Warning: Floats and marginpars not allowed inside `multicols' 
environment!.


Package multicol Warning: Floats and marginpars not allowed inside `multicols' 
environment!.


Package hyperref Warning: Token not allowed in a PDF string (Unicode):
(hyperref)                removing `math shift' on input line 92.


Package hyperref Warning: Token not allowed in a PDF string (Unicode):
(hyperref)                removing `math shift' on input line 92.


Package hyperref Warning: Token not allowed in a PDF string (Unicode):
(hyperref)                removing `math shift' on input line 92.


Package hyperref Warning: Token not allowed in a PDF string (Unicode):
(hyperref)                removing `math shift' on input line 92.

) (./content/combinatorics/bell_number.tex





[6]

Package amsmath Warning: Foreign command \atop;
(amsmath)                \frac or \genfrac should be used instead
(amsmath)                 on input line 70.

) (./content/combinatorics/derangement.tex)
(./content/combinatorics/permutations.tex)
(./content/combinatorics/circular_permutations.tex))
(./content/boolean_algebra/main.tex

Package hyperref Warning: Token not allowed in a PDF string (Unicode):
(hyperref)                removing `math shift' on input line 5.


Package hyperref Warning: Token not allowed in a PDF string (Unicode):
(hyperref)                removing `math shift' on input line 5.







[7]) (./content/geometry/main.tex (./content/geometry/trigonometry.tex)
(./content/geometry/line.tex) (./content/geometry/polygons.tex
<media/Convex-Polygon.jpg, id=968, 602.25pt x 454.69875pt>
File: media/Convex-Polygon.jpg Graphic file (type jpg)
<use media/Convex-Polygon.jpg>
Package luatex.def Info: media/Convex-Polygon.jpg  used on input line 8.
(luatex.def)             Requested size: 182.3536pt x 137.67342pt.
<media/Concave-Polygon.jpg, id=969, 602.25pt x 421.575pt>
File: media/Concave-Polygon.jpg Graphic file (type jpg)
<use media/Concave-Polygon.jpg>
Package luatex.def Info: media/Concave-Polygon.jpg  used on input line 13.
(luatex.def)             Requested size: 182.3536pt x 127.64423pt.

Overfull \hbox (15.0pt too wide) in paragraph at lines 6--16
 [][][] 
 []







[8]) (./content/geometry/triangle.tex





[9<./media/Convex-Polygon.jpg><./media/Concave-Polygon.jpg>])
(./content/geometry/quadrilaterals.tex) (./content/geometry/trapezium.tex





[10]) (./content/geometry/sphere.tex) (./content/geometry/cube.tex)
(./content/geometry/parallelepiped.tex





[11]) (./content/geometry/cilinder.tex) (./content/geometry/cone.tex)
(./content/geometry/truncated_cone.tex





[12]) (./content/geometry/angles.tex) (./content/geometry/circle.tex)





[13]) (./content/algebra/main.tex (./content/algebra/absolute_value.tex)
(./content/algebra/inequalities.tex)) (./content/graphs/main.tex





[14]
Missing character: There is no   (U+200A) in font [lmroman10-regular]:+tlig;!
Missing character: There is no   (U+200A) in font [lmroman10-regular]:+tlig;!
Missing character: There is no   (U+200A) in font [lmroman10-regular]:+tlig;!
Missing character: There is no   (U+200A) in font [lmroman10-regular]:+tlig;!
Missing character: There is no   (U+200A) in font [lmroman10-regular]:+tlig;!
Missing character: There is no   (U+200A) in font [lmroman10-regular]:+tlig;!
Missing character: There is no   (U+200A) in font [lmroman10-regular]:+tlig;!
Missing character: There is no   (U+200A) in font [lmroman10-regular]:+tlig;!
Missing character: There is no   (U+200A) in font [lmroman10-regular]:+tlig;!
Missing character: There is no   (U+200A) in font [lmroman10-regular]:+tlig;!
Missing character: There is no   (U+200A) in font [lmroman10-regular]:+tlig;!
Missing character: There is no   (U+200A) in font [lmroman10-regular]:+tlig;!
Missing character: There is no   (U+200A) in font [lmroman10-regular]:+tlig;!
Missing character: There is no   (U+200A) in font [lmroman10-regular]:+tlig;!
Missing character: There is no   (U+200A) in font [lmroman10-regular]:+tlig;!
Missing character: There is no   (U+200A) in font [lmroman10-regular]:+tlig;!
Missing character: There is no   (U+200A) in font [lmroman10-regular]:+tlig;!
Missing character: There is no   (U+200A) in font [lmroman10-regular]:+tlig;!
Missing character: There is no   (U+200A) in font [lmroman10-regular]:+tlig;!
Missing character: There is no   (U+200A) in font [lmroman10-regular]:+tlig;!
Missing character: There is no   (U+200A) in font [lmroman10-regular]:+tlig;!
Missing character: There is no   (U+200A) in font [lmroman10-regular]:+tlig;!
Missing character: There is no   (U+200A) in font [lmroman10-regular]:+tlig;!
Missing character: There is no   (U+200A) in font [lmroman10-regular]:+tlig;!
Missing character: There is no   (U+200A) in font [lmroman10-regular]:+tlig;!
Missing character: There is no   (U+200A) in font [lmroman10-regular]:+tlig;!
Missing character: There is no   (U+200A) in font [lmroman10-regular]:+tlig;!
Missing character: There is no   (U+200A) in font [lmroman10-regular]:+tlig;!
Missing character: There is no   (U+200A) in font [lmroman10-regular]:+tlig;!
Missing character: There is no   (U+200A) in font [lmroman10-regular]:+tlig;!
Missing character: There is no   (U+200A) in font [lmroman10-regular]:+tlig;!
Missing character: There is no   (U+200A) in font [lmroman10-regular]:+tlig;!
Missing character: There is no   (U+200A) in font [lmroman10-regular]:+tlig;!
Missing character: There is no   (U+200A) in font [lmroman10-regular]:+tlig;!
Missing character: There is no   (U+200A) in font [lmroman10-regular]:+tlig;!
Missing character: There is no   (U+200A) in font [lmroman10-regular]:+tlig;!
Missing character: There is no   (U+200A) in font [lmroman10-regular]:+tlig;!
Missing character: There is no   (U+200A) in font [lmroman10-regular]:+tlig;!
Missing character: There is no   (U+200A) in font [lmroman10-regular]:+tlig;!
Missing character: There is no   (U+200A) in font [lmroman10-regular]:+tlig;!
Missing character: There is no   (U+200A) in font [lmroman10-regular]:+tlig;!
Missing character: There is no   (U+200A) in font [lmroman10-regular]:+tlig;!
Missing character: There is no   (U+200A) in font [lmroman10-regular]:+tlig;!
Missing character: There is no   (U+200A) in font [lmroman10-regular]:+tlig;!
Missing character: There is no   (U+200A) in font [lmroman10-regular]:+tlig;!
Missing character: There is no   (U+200A) in font [lmroman10-regular]:+tlig;!
Missing character: There is no   (U+200A) in font [lmroman10-regular]:+tlig;!
Missing character: There is no   (U+200A) in font [lmroman10-regular]:+tlig;!
Missing character: There is no   (U+200A) in font [lmroman10-regular]:+tlig;!
Missing character: There is no   (U+200A) in font [lmroman10-regular]:+tlig;!
Missing character: There is no   (U+200A) in font [lmroman10-regular]:+tlig;!
Missing character: There is no   (U+200A) in font [lmroman10-regular]:+tlig;!
Missing character: There is no   (U+200A) in font [lmroman10-regular]:+tlig;!
Missing character: There is no   (U+200A) in font [lmroman10-regular]:+tlig;!
Missing character: There is no   (U+200A) in font [lmroman10-regular]:+tlig;!
Missing character: There is no   (U+200A) in font [lmroman10-regular]:+tlig;!
Missing character: There is no   (U+200A) in font [lmroman10-regular]:+tlig;!
Missing character: There is no   (U+200A) in font [lmroman10-regular]:+tlig;!
Missing character: There is no   (U+200A) in font [lmroman10-regular]:+tlig;!
Missing character: There is no   (U+200A) in font [lmroman10-regular]:+tlig;!
Missing character: There is no   (U+200A) in font [lmroman10-regular]:+tlig;!
Missing character: There is no   (U+200A) in font [lmroman10-regular]:+tlig;!
Missing character: There is no   (U+200A) in font [lmroman10-regular]:+tlig;!
Missing character: There is no   (U+200A) in font [lmroman10-regular]:+tlig;!
Missing character: There is no   (U+200A) in font [lmroman10-regular]:+tlig;!
Missing character: There is no   (U+200A) in font [lmroman10-regular]:+tlig;!
Missing character: There is no   (U+200A) in font [lmroman10-regular]:+tlig;!
Missing character: There is no   (U+200A) in font [lmroman10-regular]:+tlig;!
Missing character: There is no   (U+200A) in font [lmroman10-regular]:+tlig;!
Missing character: There is no   (U+200A) in font [lmroman10-regular]:+tlig;!
Missing character: There is no   (U+200A) in font [lmroman10-regular]:+tlig;!
Missing character: There is no   (U+200A) in font [lmroman10-regular]:+tlig;!
Missing character: There is no   (U+200A) in font [lmroman10-regular]:+tlig;!
Missing character: There is no   (U+200A) in font [lmroman10-regular]:+tlig;!






[15
Missing character: There is no   (U+200A) in font [lmroman10-regular]:+tlig;!
Missing character: There is no   (U+200A) in font [lmroman10-regular]:+tlig;!
Missing character: There is no   (U+200A) in font [lmroman10-regular]:+tlig;!
Missing character: There is no   (U+200A) in font [lmroman10-regular]:+tlig;!
Missing character: There is no   (U+200A) in font [lmroman10-regular]:+tlig;!
Missing character: There is no   (U+200A) in font [lmroman10-regular]:+tlig;!
Missing character: There is no   (U+200A) in font [lmroman10-regular]:+tlig;!
Missing character: There is no   (U+200A) in font [lmroman10-regular]:+tlig;!
Missing character: There is no   (U+200A) in font [lmroman10-regular]:+tlig;!
Missing character: There is no   (U+200A) in font [lmroman10-regular]:+tlig;!
Missing character: There is no   (U+200A) in font [lmroman10-regular]:+tlig;!
Missing character: There is no   (U+200A) in font [lmroman10-regular]:+tlig;!
Missing character: There is no   (U+200A) in font [lmroman10-regular]:+tlig;!
Missing character: There is no   (U+200A) in font [lmroman10-regular]:+tlig;!
Missing character: There is no   (U+200A) in font [lmroman10-regular]:+tlig;!
Missing character: There is no   (U+200A) in font [lmroman10-regular]:+tlig;!
Missing character: There is no   (U+200A) in font [lmroman10-regular]:+tlig;!
Missing character: There is no   (U+200A) in font [lmroman10-regular]:+tlig;!
Missing character: There is no   (U+200A) in font [lmroman10-regular]:+tlig;!
Missing character: There is no   (U+200A) in font [lmroman10-regular]:+tlig;!
Missing character: There is no   (U+200A) in font [lmroman10-regular]:+tlig;!
Missing character: There is no   (U+200A) in font [lmroman10-regular]:+tlig;!
Missing character: There is no   (U+200A) in font [lmroman10-regular]:+tlig;!
Missing character: There is no   (U+200A) in font [lmroman10-regular]:+tlig;!
Missing character: There is no   (U+200A) in font [lmroman10-regular]:+tlig;!
Missing character: There is no   (U+200A) in font [lmroman10-regular]:+tlig;!
Missing character: There is no   (U+200A) in font [lmroman10-regular]:+tlig;!
Missing character: There is no   (U+200A) in font [lmroman10-regular]:+tlig;!
Missing character: There is no   (U+200A) in font [lmroman10-regular]:+tlig;!
Missing character: There is no   (U+200A) in font [lmroman10-regular]:+tlig;!
]
Missing character: There is no   (U+200A) in font [lmroman10-regular]:+tlig;!
Missing character: There is no   (U+200A) in font [lmroman10-regular]:+tlig;!
Missing character: There is no   (U+200A) in font [lmroman10-regular]:+tlig;!
Missing character: There is no   (U+200A) in font [lmroman10-regular]:+tlig;!
Missing character: There is no   (U+200A) in font [lmroman10-regular]:+tlig;!
Missing character: There is no   (U+200A) in font [lmroman10-regular]:+tlig;!
Missing character: There is no   (U+200A) in font [lmroman10-regular]:+tlig;!
Missing character: There is no   (U+200A) in font [lmroman10-regular]:+tlig;!
Missing character: There is no   (U+200A) in font [lmroman10-regular]:+tlig;!
Missing character: There is no   (U+200A) in font [lmroman10-regular]:+tlig;!
Missing character: There is no   (U+200A) in font [lmroman10-regular]:+tlig;!
Missing character: There is no   (U+200A) in font [lmroman10-regular]:+tlig;!
(./content/graphs/maximum_flow.tex) (./content/graphs/scc.tex)
(./content/graphs/cutpoints.tex)) (./content/trees/main.tex
(./content/trees/centroids.tex





[16
Missing character: There is no   (U+200A) in font [lmroman10-regular]:+tlig;!
Missing character: There is no   (U+200A) in font [lmroman10-regular]:+tlig;!
Missing character: There is no   (U+200A) in font [lmroman10-regular]:+tlig;!
Missing character: There is no   (U+200A) in font [lmroman10-regular]:+tlig;!
Missing character: There is no   (U+200A) in font [lmroman10-regular]:+tlig;!
Missing character: There is no   (U+200A) in font [lmroman10-regular]:+tlig;!
Missing character: There is no   (U+200A) in font [lmroman10-regular]:+tlig;!
Missing character: There is no   (U+200A) in font [lmroman10-regular]:+tlig;!
Missing character: There is no   (U+200A) in font [lmroman10-regular]:+tlig;!
Missing character: There is no   (U+200A) in font [lmroman10-regular]:+tlig;!
Missing character: There is no   (U+200A) in font [lmroman10-regular]:+tlig;!
Missing character: There is no   (U+200A) in font [lmroman10-regular]:+tlig;!
Missing character: There is no   (U+200A) in font [lmroman10-regular]:+tlig;!
]
<media/centroidDecompositionExample.png, id=1058, 1033.8625pt x 449.68pt>
File: media/centroidDecompositionExample.png Graphic file (type png)
<use media/centroidDecompositionExample.png>
Package luatex.def Info: media/centroidDecompositionExample.png  used on input 
line 37.
(luatex.def)             Requested size: 328.23425pt x 142.76152pt.
)) (./content/number_theory/main.tex (./content/number_theory/fermat.tex)
(./content/number_theory/multiplicative_inverse.tex)
(./content/number_theory/goldbach.tex)
(./content/number_theory/linear_diophantine.tex
Missing character: There is no   (U+200A) in font [lmroman10-regular]:+tlig;!
Missing character: There is no   (U+200A) in font [lmroman10-regular]:+tlig;!
Missing character: There is no   (U+200A) in font [lmroman10-regular]:+tlig;!
Missing character: There is no   (U+200A) in font [lmroman10-regular]:+tlig;!
Missing character: There is no   (U+200A) in font [lmroman10-regular]:+tlig;!
Missing character: There is no   (U+200A) in font [lmroman10-regular]:+tlig;!
Missing character: There is no   (U+200A) in font [lmroman10-regular]:+tlig;!
Missing character: There is no   (U+200A) in font [lmroman10-regular]:+tlig;!
Missing character: There is no   (U+200A) in font [lmroman10-regular]:+tlig;!
Missing character: There is no   (U+200A) in font [lmroman10-regular]:+tlig;!
Missing character: There is no   (U+200A) in font [lmroman10-regular]:+tlig;!
Missing character: There is no   (U+200A) in font [lmroman10-regular]:+tlig;!
Missing character: There is no   (U+200A) in font [lmroman10-regular]:+tlig;!
Missing character: There is no   (U+200A) in font [lmroman10-regular]:+tlig;!
Missing character: There is no   (U+200A) in font [lmroman10-regular]:+tlig;!
Missing character: There is no   (U+200A) in font [lmroman10-regular]:+tlig;!
Missing character: There is no   (U+200A) in font [lmroman10-regular]:+tlig;!
Missing character: There is no   (U+200A) in font [lmroman10-regular]:+tlig;!
Missing character: There is no   (U+200A) in font [lmroman10-regular]:+tlig;!
Missing character: There is no   (U+200A) in font [lmroman10-regular]:+tlig;!
Missing character: There is no   (U+200A) in font [lmroman10-regular]:+tlig;!
Missing character: There is no   (U+200A) in font [lmroman10-regular]:+tlig;!
Missing character: There is no   (U+200A) in font [lmroman10-regular]:+tlig;!
Missing character: There is no   (U+200A) in font [lmroman10-regular]:+tlig;!






[17
Missing character: There is no   (U+200A) in font [lmroman10-regular]:+tlig;!
Missing character: There is no   (U+200A) in font [lmroman10-regular]:+tlig;!
<./media/centroidDecompositionExample.png>]
Missing character: There is no   (U+200A) in font [lmroman10-regular]:+tlig;!
Missing character: There is no   (U+200A) in font [lmroman10-regular]:+tlig;!
Missing character: There is no   (U+200A) in font [lmroman10-regular]:+tlig;!
Missing character: There is no   (U+200A) in font [lmroman10-regular]:+tlig;!
Missing character: There is no   (U+200A) in font [lmroman10-regular]:+tlig;!
Missing character: There is no   (U+200A) in font [lmroman10-regular]:+tlig;!
Missing character: There is no   (U+200A) in font [lmroman10-regular]:+tlig;!
Missing character: There is no   (U+200A) in font [lmroman10-regular]:+tlig;!
Missing character: There is no   (U+200A) in font [lmroman10-regular]:+tlig;!
Missing character: There is no   (U+200A) in font [lmroman10-regular]:+tlig;!
Missing character: There is no   (U+200A) in font [lmroman10-regular]:+tlig;!
Missing character: There is no   (U+200A) in font [lmroman10-regular]:+tlig;!
Missing character: There is no   (U+200A) in font [lmroman10-regular]:+tlig;!
Missing character: There is no   (U+200A) in font [lmroman10-regular]:+tlig;!
Missing character: There is no   (U+200A) in font [lmroman10-regular]:+tlig;!
Missing character: There is no   (U+200A) in font [lmroman10-regular]:+tlig;!
Missing character: There is no   (U+200A) in font [lmroman10-regular]:+tlig;!
Missing character: There is no   (U+200A) in font [lmroman10-regular]:+tlig;!
)
Missing character: There is no   (U+200A) in font [lmroman10-regular]:+tlig;!
Missing character: There is no   (U+200A) in font [lmroman10-regular]:+tlig;!
Missing character: There is no   (U+200A) in font [lmroman10-regular]:+tlig;!
Missing character: There is no   (U+200A) in font [lmroman10-regular]:+tlig;!
Missing character: There is no   (U+200A) in font [lmroman10-regular]:+tlig;!
Missing character: There is no   (U+200A) in font [lmroman10-regular]:+tlig;!
Missing character: There is no   (U+200A) in font [lmroman10-regular]:+tlig;!
Missing character: There is no   (U+200A) in font [lmroman10-regular]:+tlig;!
Missing character: There is no   (U+200A) in font [lmroman10-regular]:+tlig;!
Missing character: There is no   (U+200A) in font [lmroman10-regular]:+tlig;!
Missing character: There is no   (U+200A) in font [lmroman10-regular]:+tlig;!
Missing character: There is no   (U+200A) in font [lmroman10-regular]:+tlig;!
Missing character: There is no   (U+200A) in font [lmroman10-regular]:+tlig;!
Missing character: There is no   (U+200A) in font [lmroman10-regular]:+tlig;!
Missing character: There is no   (U+200A) in font [lmroman10-regular]:+tlig;!
Missing character: There is no   (U+200A) in font [lmroman10-regular]:+tlig;!
Missing character: There is no   (U+200A) in font [lmroman10-regular]:+tlig;!
Missing character: There is no   (U+200A) in font [lmroman10-regular]:+tlig;!
Missing character: There is no   (U+200A) in font [lmroman10-regular]:+tlig;!
Missing character: There is no   (U+200A) in font [lmroman10-regular]:+tlig;!
Missing character: There is no   (U+200A) in font [lmroman10-regular]:+tlig;!
Missing character: There is no   (U+200A) in font [lmroman10-regular]:+tlig;!
Missing character: There is no   (U+200A) in font [lmroman10-regular]:+tlig;!
Missing character: There is no   (U+200A) in font [lmroman10-regular]:+tlig;!
(./content/number_theory/wilson.tex)
(./content/number_theory/chicken_mc_nugget.tex)
(./content/number_theory/divisibility_rules.tex





[18
Missing character: There is no   (U+200A) in font [lmroman10-regular]:+tlig;!
Missing character: There is no   (U+200A) in font [lmroman10-regular]:+tlig;!
Missing character: There is no   (U+200A) in font [lmroman10-regular]:+tlig;!
Missing character: There is no   (U+200A) in font [lmroman10-regular]:+tlig;!
Missing character: There is no   (U+200A) in font [lmroman10-regular]:+tlig;!
Missing character: There is no   (U+200A) in font [lmroman10-regular]:+tlig;!
Missing character: There is no   (U+200A) in font [lmroman10-regular]:+tlig;!
Missing character: There is no   (U+200A) in font [lmroman10-regular]:+tlig;!
Missing character: There is no   (U+200A) in font [lmroman10-regular]:+tlig;!
Missing character: There is no   (U+200A) in font [lmroman10-regular]:+tlig;!
Missing character: There is no   (U+200A) in font [lmroman10-regular]:+tlig;!
Missing character: There is no   (U+200A) in font [lmroman10-regular]:+tlig;!
Missing character: There is no   (U+200A) in font [lmroman10-regular]:+tlig;!
Missing character: There is no   (U+200A) in font [lmroman10-regular]:+tlig;!
Missing character: There is no   (U+200A) in font [lmroman10-regular]:+tlig;!
Missing character: There is no   (U+200A) in font [lmroman10-regular]:+tlig;!
Missing character: There is no   (U+200A) in font [lmroman10-regular]:+tlig;!
Missing character: There is no   (U+200A) in font [lmroman10-regular]:+tlig;!
Missing character: There is no   (U+200A) in font [lmroman10-regular]:+tlig;!
Missing character: There is no   (U+200A) in font [lmroman10-regular]:+tlig;!
Missing character: There is no   (U+200A) in font [lmroman10-regular]:+tlig;!
Missing character: There is no   (U+200A) in font [lmroman10-regular]:+tlig;!
Missing character: There is no   (U+200A) in font [lmroman10-regular]:+tlig;!
Missing character: There is no   (U+200A) in font [lmroman10-regular]:+tlig;!
Missing character: There is no   (U+200A) in font [lmroman10-regular]:+tlig;!
Missing character: There is no   (U+200A) in font [lmroman10-regular]:+tlig;!
Missing character: There is no   (U+200A) in font [lmroman10-regular]:+tlig;!
Missing character: There is no   (U+200A) in font [lmroman10-regular]:+tlig;!
Missing character: There is no   (U+200A) in font [lmroman10-regular]:+tlig;!
Missing character: There is no   (U+200A) in font [lmroman10-regular]:+tlig;!
Missing character: There is no   (U+200A) in font [lmroman10-regular]:+tlig;!
]) (./content/number_theory/chinese_remainder_theorem.tex
Missing character: There is no   (U+200A) in font [lmroman10-regular]:+tlig;!
Missing character: There is no   (U+200A) in font [lmroman10-regular]:+tlig;!
Missing character: There is no   (U+200A) in font [lmroman10-regular]:+tlig;!
Missing character: There is no   (U+200A) in font [lmroman10-regular]:+tlig;!
Missing character: There is no   (U+200A) in font [lmroman10-regular]:+tlig;!
Missing character: There is no   (U+200A) in font [lmroman10-regular]:+tlig;!
Missing character: There is no   (U+200A) in font [lmroman10-regular]:+tlig;!
Missing character: There is no   (U+200A) in font [lmroman10-regular]:+tlig;!
Missing character: There is no   (U+200A) in font [lmroman10-regular]:+tlig;!
Missing character: There is no   (U+200A) in font [lmroman10-regular]:+tlig;!
Missing character: There is no   (U+200A) in font [lmroman10-regular]:+tlig;!
Missing character: There is no   (U+200A) in font [lmroman10-regular]:+tlig;!
Missing character: There is no   (U+200A) in font [lmroman10-regular]:+tlig;!
Missing character: There is no   (U+200A) in font [lmroman10-regular]:+tlig;!
Missing character: There is no   (U+200A) in font [lmroman10-regular]:+tlig;!
Missing character: There is no   (U+200A) in font [lmroman10-regular]:+tlig;!
Missing character: There is no   (U+200A) in font [lmroman10-regular]:+tlig;!
Missing character: There is no   (U+200A) in font [lmroman10-regular]:+tlig;!
Missing character: There is no   (U+200A) in font [lmroman10-regular]:+tlig;!
Missing character: There is no   (U+200A) in font [lmroman10-regular]:+tlig;!
Missing character: There is no   (U+200A) in font [lmroman10-regular]:+tlig;!
Missing character: There is no   (U+200A) in font [lmroman10-regular]:+tlig;!
Missing character: There is no   (U+200A) in font [lmroman10-regular]:+tlig;!
Missing character: There is no   (U+200A) in font [lmroman10-regular]:+tlig;!
Missing character: There is no   (U+200A) in font [lmroman10-regular]:+tlig;!
Missing character: There is no   (U+200A) in font [lmroman10-regular]:+tlig;!
Missing character: There is no   (U+200A) in font [lmroman10-regular]:+tlig;!
Missing character: There is no   (U+200A) in font [lmroman10-regular]:+tlig;!
Missing character: There is no   (U+200A) in font [lmroman10-regular]:+tlig;!
Missing character: There is no   (U+200A) in font [lmroman10-regular]:+tlig;!
Missing character: There is no   (U+200A) in font [lmroman10-regular]:+tlig;!
Missing character: There is no   (U+200A) in font [lmroman10-regular]:+tlig;!
Missing character: There is no   (U+200A) in font [lmroman10-regular]:+tlig;!
Missing character: There is no   (U+200A) in font [lmroman10-regular]:+tlig;!
Missing character: There is no   (U+200A) in font [lmroman10-regular]:+tlig;!
Missing character: There is no   (U+200A) in font [lmroman10-regular]:+tlig;!
Missing character: There is no   (U+200A) in font [lmroman10-regular]:+tlig;!
Missing character: There is no   (U+200A) in font [lmroman10-regular]:+tlig;!
Missing character: There is no   (U+200A) in font [lmroman10-regular]:+tlig;!
Missing character: There is no   (U+200A) in font [lmroman10-regular]:+tlig;!
)





[19
Missing character: There is no   (U+200A) in font [lmroman10-regular]:+tlig;!
Missing character: There is no   (U+200A) in font [lmroman10-regular]:+tlig;!
Missing character: There is no   (U+200A) in font [lmroman10-regular]:+tlig;!
Missing character: There is no   (U+200A) in font [lmroman10-regular]:+tlig;!
Missing character: There is no   (U+200A) in font [lmroman10-regular]:+tlig;!
Missing character: There is no   (U+200A) in font [lmroman10-regular]:+tlig;!
Missing character: There is no   (U+200A) in font [lmroman10-regular]:+tlig;!
Missing character: There is no   (U+200A) in font [lmroman10-regular]:+tlig;!
Missing character: There is no   (U+200A) in font [lmroman10-regular]:+tlig;!
Missing character: There is no   (U+200A) in font [lmroman10-regular]:+tlig;!
Missing character: There is no   (U+200A) in font [lmroman10-regular]:+tlig;!
Missing character: There is no   (U+200A) in font [lmroman10-regular]:+tlig;!
Missing character: There is no   (U+200A) in font [lmroman10-regular]:+tlig;!
Missing character: There is no   (U+200A) in font [lmroman10-regular]:+tlig;!
Missing character: There is no   (U+200A) in font [lmroman10-regular]:+tlig;!
Missing character: There is no   (U+200A) in font [lmroman10-regular]:+tlig;!
Missing character: There is no   (U+200A) in font [lmroman10-regular]:+tlig;!
Missing character: There is no   (U+200A) in font [lmroman10-regular]:+tlig;!
Missing character: There is no   (U+200A) in font [lmroman10-regular]:+tlig;!
Missing character: There is no   (U+200A) in font [lmroman10-regular]:+tlig;!
]) (./content/identities.tex

Package hyperref Warning: Token not allowed in a PDF string (Unicode):
(hyperref)                removing `math shift' on input line 19.


Package hyperref Warning: Token not allowed in a PDF string (Unicode):
(hyperref)                removing `math shift' on input line 19.

) (./content/linear_algebra/main.tex
(./content/linear_algebra/matrix_multiplication.tex
<media/Matrix_multiplication_qtl1.png, id=1094, 622.325pt x 351.3125pt>
File: media/Matrix_multiplication_qtl1.png Graphic file (type png)
<use media/Matrix_multiplication_qtl1.png>
Package luatex.def Info: media/Matrix_multiplication_qtl1.png  used on input li
ne 6.
(luatex.def)             Requested size: 109.4077pt x 61.75935pt.
))
(./content/probability_theory/main.tex





[20<./media/Matrix_multiplication_qtl1.png>]
Missing character: There is no 𝜋 (U+1D70B) in font [lmroman10-bold]:+tlig;!
Missing character: There is no 𝜋 (U+1D70B) in font [lmroman10-bold]:+tlig;!
Missing character: There is no 𝜋 (U+1D70B) in font [lmroman10-bold]:+tlig;!
Missing character: There is no 𝜋 (U+1D70B) in font [lmroman10-bold]:+tlig;!






[21] (./content/probability_theory/monty_hall.tex)) (./content/polynomial.tex)
(./content/trees.tex) (./content/bitwise/main.tex) (./content/game_theory.tex





[22]) (./content/group_theory/main.tex (./content/group_theory/permutations.tex

Package hyperref Warning: Token not allowed in a PDF string (Unicode):
(hyperref)                removing `math shift' on input line 15.


Package hyperref Warning: Token not allowed in a PDF string (Unicode):
(hyperref)                removing `math shift' on input line 15.







[23])) (./content/others/main.tex (./content/others/unimodal.tex))







[24] (./theoretical.aux)
 ***********
LaTeX2e <2025-06-01> patch level 1
L3 programming layer <2020/03/25>
 ***********
Package rerunfilecheck Info: File `theoretical.out' has not changed.
(rerunfilecheck)             Checksum: 6C9FC74C07F984E6ADD10FDAF1A6693E;27922.
)

Here is how much of LuaTeX's memory you used:
 50557 strings out of 470207
 156261,1977958 words of node,token memory allocated
 28151 words of node memory still in use:
   329 hlist, 16 vlist, 329 rule, 4 disc, 5 local_par, 10 math, 1313 glue, 156 k
ern, 11 penalty, 344 glyph, 2993 attribute, 79 glue_spec, 1498 attribute_list, 5
 write, 1 pdf_literal, 1 pdf_dest, 3 pdf_action, 8 pdf_colorstack, 1 pdf_setmatr
ix, 1 pdf_save, 1 pdf_restore nodes
   avail lists: 1:2,2:2899,3:2264,4:306,5:766,6:240,7:8904,8:108,9:1415,10:28,11
:484
 76852 multiletter control sequences out of 65536+600000
 68 fonts using 19789947 bytes
 109i,19n,106p,1198b,2726s stack positions out of 10000i,1000n,20000p,200000b,200000s
</nix/store/swxn2kgfg47a8r0igh45r51c7x3mk92s-lm-2.005-tex/fonts/opentype/public/
lm/lmroman7-bold.otf></nix/store/swxn2kgfg47a8r0igh45r51c7x3mk92s-lm-2.005-tex/f
onts/opentype/public/lm/lmroman7-regular.otf></nix/store/swxn2kgfg47a8r0igh45r51
c7x3mk92s-lm-2.005-tex/fonts/opentype/public/lm/lmroman10-bolditalic.otf></nix/s
tore/swxn2kgfg47a8r0igh45r51c7x3mk92s-lm-2.005-tex/fonts/opentype/public/lm/lmro
man10-italic.otf></nix/store/0dhipjmrsfh869scr5hy6q33imicvfp6-lm-math-1.959-tex/
fonts/opentype/public/lm-math/latinmodern-math.otf></nix/store/0dhipjmrsfh869scr
5hy6q33imicvfp6-lm-math-1.959-tex/fonts/opentype/public/lm-math/latinmodern-math
.otf></nix/store/0dhipjmrsfh869scr5hy6q33imicvfp6-lm-math-1.959-tex/fonts/openty
pe/public/lm-math/latinmodern-math.otf></nix/store/swxn2kgfg47a8r0igh45r51c7x3mk
92s-lm-2.005-tex/fonts/opentype/public/lm/lmroman10-bold.otf></nix/store/swxn2kg
fg47a8r0igh45r51c7x3mk92s-lm-2.005-tex/fonts/opentype/public/lm/lmroman12-bold.o
tf></nix/store/swxn2kgfg47a8r0igh45r51c7x3mk92s-lm-2.005-tex/fonts/opentype/publ
ic/lm/lmromanslant10-regular.otf></nix/store/swxn2kgfg47a8r0igh45r51c7x3mk92s-lm
-2.005-tex/fonts/opentype/public/lm/lmroman10-regular.otf></nix/store/swxn2kgfg4
7a8r0igh45r51c7x3mk92s-lm-2.005-tex/fonts/opentype/public/lm/lmroman12-regular.o
tf></nix/store/swxn2kgfg47a8r0igh45r51c7x3mk92s-lm-2.005-tex/fonts/opentype/publ
ic/lm/lmroman17-regular.otf>
Output written on theoretical.pdf (24 pages, 657870 bytes).

PDF statistics: 1232 PDF objects out of 1440 (max. 8388607)
 1148 compressed objects within 12 object streams
 312 named destinations out of 1000 (max. 131072)
 1432 words of extra memory for PDF output out of 10000 (max. 100000000)

